container_id,cluster
MAEU6859855,6
MSKU8127155,1
CCLU6732877,1
ZIMU6856600,6
KKFU4303300,1
MSKU4801422,2
ZCSU7821255,2
MSKU5018011,0
EISU4470600,2
MSKU9161299,1
ONEU5396377,5
MRSU4616144,4
HLCU1352044,5
MSCU2067488,0
EISU2868366,1
ONEU1151211,4
HLXU2103288,2
MRKU2536222,3
MEDU8382899,0
MRKU9953055,5
MRSU9333866,1
EGHU8103588,3
HLCU2890000,3
ONEU5408600,5
ZCSU4956944,0
CGMU7081277,5
ONEU2432200,1
EGHU3804800,6
MRSU5839722,0
COSU6722011,6
MRKU1797844,6
MSKU3154711,5
CGMU9168433,5
CMAU3046166,2
HLXU7865133,1
COSU1047088,0
MSCU1336066,3
ONEU1481088,6
CCLU4233099,2
MSKU3019100,2
HMMU7408766,2
HDMU8858177,0
MSKU7263811,0
MEDU6760688,5
HLCU7079266,0
MSKU3376044,2
CCLU1880800,2
ZIMU1973133,2
KKFU9625233,0
MEDU1021855,0
HLXU6550500,5
MSKU8271633,1
EISU6752911,5
MAEU1278755,5
MAEU2847533,5
EGHU2735400,2
EISU2882066,0
MEDU6894299,0
MSCU7871599,0
COSU5373499,2
HLCU9406155,6
HLXU2665577,4
ZIMU4890866,0
MSKU8575799,2
EGHU9336833,0
KKFU2202600,5
MAEU1101988,6
MRKU2098922,6
EGHU6633455,5
MSCU8405022,2
HLXU9336255,1
MSKU9857133,6
HLXU2443755,0
MSKU3840877,2
KKFU8579666,0
MRSU1661388,2
MSKU7332599,0
COSU9100644,0
HLXU3924011,2
MSKU8684099,1
MSKU9506411,2
CCLU6254899,0
ZIMU6461088,2
EISU1032600,0
COSU6703399,1
CMAU1175033,2
CCLU9993588,1
MSCU1090733,0
HLCU9204922,2
MSCU7379844,6
HDMU4449822,0
HMMU6684599,2
HMMU1133166,0
HLXU1845900,3
ZCSU6827244,2
MRSU8022488,1
ZIMU1076144,2
EGHU9741922,3
ZCSU1818488,2
EGHU6563888,5
MRSU4426477,2
ZCSU6023422,2
MEDU9182322,2
ZIMU3999366,2
HLXU4262066,1
EISU3383511,5
MSKU9105311,0
HLXU8472722,5
EISU4636644,4
COSU7749233,0
ZIMU3774788,5
COSU6975900,2
CGMU4381955,1
CMAU3138588,1
EISU3140966,1
EGHU2534899,3
CCLU7003377,6
COSU5537199,0
EISU5748000,6
MSKU7103633,2
MAEU1321322,3
MAEU5110211,0
MRSU7649388,1
COSU8705544,4
MSKU8210077,5
HDMU2382155,0
MRKU2856955,5
MRSU9005311,6
MEDU7201911,2
HMMU3849999,0
ZCSU5120577,2
MSKU6111377,0
HDMU3579955,2
EGHU2450955,0
MRSU2271944,0
MAEU3419933,2
MSCU6768722,2
ZCSU3097188,0
MSKU2111122,0
HLCU1975611,0
CCLU7364099,1
MEDU2901344,2
MRKU9084677,1
MSKU8916655,5
COSU5354077,0
EGHU6745766,0
MEDU8638266,2
HLCU9141144,2
MSKU6562277,1
HLCU9610077,0
ZCSU1855255,5
ONEU1827466,0
CGMU6359922,5
MSKU9261399,2
HDMU8069155,6
MSKU4784522,0
MSCU4019722,2
ZCSU9931000,5
EISU8225499,0
EISU9445588,0
EISU9133666,5
EGHU5638000,5
ZIMU6199188,0
MSKU2462411,0
HLXU7555788,2
HLXU7367488,0
HLXU3282255,5
MRSU2463855,4
COSU5934122,2
MAEU4628177,1
HMMU7040311,2
HMMU6106699,5
HLXU5855377,2
ZIMU8076011,5
MSKU4828733,2
MAEU7744077,0
MSCU7602333,2
ZCSU8664088,4
HMMU8510733,4
CCLU1136300,1
CCLU1552955,0
ZCSU7309300,0
HDMU4807322,1
HDMU8355955,5
ZIMU2942600,2
CMAU5514322,2
EISU8785855,2
MRSU7591400,0
CCLU7021622,6
CGMU1225899,1
MSKU3628899,5
ZIMU5910299,2
ONEU5506655,1
MRKU5085422,2
MAEU3769944,2
MEDU9389011,1
ZCSU1075099,3
ONEU9813266,0
COSU6466855,1
CMAU4602644,5
CCLU5005222,1
MRSU3240177,5
EGHU7570655,5
MRSU7067433,0
EISU3589111,6
MSCU5765311,0
HMMU3290000,3
MRKU7642122,3
MRSU8014677,1
ZCSU6827244,2
CGMU6146555,2
MRSU3923500,2
EISU3977044,0
CCLU9993588,2
ZCSU7468522,0
MSKU9874699,1
MRSU2618111,3
HMMU3617033,2
COSU5718711,0
HLCU3841977,4
HLXU1153588,1
HLCU4742233,2
HMMU9501699,6
CMAU8403377,0
EISU7805877,6
COSU2761566,2
ONEU1171544,6
CGMU2569211,1
KKFU4410544,2
EGHU9302344,0
CCLU4622288,4
ZCSU7826288,2
MRKU9692533,2
HLXU7890477,1
MSKU9267311,5
MAEU1220677,2
HDMU3939777,2
MRSU2909133,2
HDMU9123100,0
HLCU2911666,2
MRSU2655766,3
ONEU2964155,6
CMAU6065544,0
ZIMU5183788,0
ZIMU5084122,0
MSCU5917533,6
MEDU3628088,2
HMMU3669733,6
ONEU7479800,5
HDMU3027844,5
HLCU2493755,2
MAEU7554155,2
MSKU9539511,2
MAEU7765711,2
HLXU9599022,0
MSCU4998699,5
MSCU8114488,1
MRSU1696333,6
ZCSU5011244,0
MSCU5003300,1
ZCSU9583144,5
MRSU3770955,5
KKFU3050699,0
HLCU5290799,1
MEDU5125133,6
MSKU2900333,5
MEDU6394855,0
MSCU8252511,0
MEDU1520811,3
CCLU3949477,5
ONEU1577955,2
MAEU2301277,0
HLXU4536588,0
MRKU6813533,2
MSCU3100311,3
CGMU7328711,1
KKFU6694888,5
HLCU6072877,2
HDMU3027844,2
CCLU1830244,2
HLXU4572677,6
ONEU8354288,0
EISU6409222,0
HDMU7443522,4
MRKU3877533,0
ONEU3589288,1
ZCSU3856022,2
CMAU9403677,5
ZCSU7951766,1
HMMU2536677,0
CGMU3372711,1
HMMU1251333,2
MEDU9358077,5
ONEU8800477,6
MAEU4207199,2
MAEU3120188,0
HLXU5077977,6
EGHU4023800,1
HLXU4481955,5
KKFU5906122,1
HDMU4236488,0
CGMU6989811,5
CMAU3740655,1
HLCU5423866,2
MSKU9973700,2
EGHU7292988,5
CMAU2776799,1
EGHU7659744,1
CGMU7868233,0
HMMU7954066,2
HDMU2873566,1
HMMU9055133,3
ONEU9002944,1
MAEU8350255,1
CGMU9394799,0
ZCSU3111599,5
KKFU5651611,0
ZCSU6996100,6
MSKU1839733,4
HDMU3731599,5
HMMU7217333,2
HDMU4460177,6
MSCU5154922,0
HLXU2191988,2
COSU6751555,6
MSKU8377755,6
COSU8715911,2
MSKU7600166,1
HMMU3056933,2
MRKU3156466,1
HMMU4619833,1
HMMU4418022,0
HLCU4720177,1
CMAU8403377,0
EISU2925944,1
MRKU7648022,0
CCLU4794766,2
CMAU8525477,5
MRSU6653022,3
MRSU4872899,0
CCLU2764255,2
EISU1416011,2
EGHU9828411,6
ZCSU4935466,0
CMAU8611100,2
MRKU3538222,5
HLXU9479644,1
HLCU7320244,6
CGMU2988966,4
COSU7555022,2
MRKU8391255,4
CMAU1829999,5
CMAU4909100,2
MRSU8582677,1
CMAU1285800,0
CGMU8919366,2
EGHU6612655,2
MAEU8753677,1
MSKU3861288,5
EGHU3070555,2
HLCU7829500,2
MSKU4613422,2
MAEU6861033,2
CMAU2653288,1
KKFU9401811,5
HDMU4482955,0
HDMU4223688,2
KKFU2061333,2
EISU3473522,2
EISU3343600,4
EISU7843844,5
CCLU7281000,2
MSKU3236622,5
ONEU6588922,2
HLXU5414200,0
CCLU8857899,6
MAEU6645477,2
MSKU6482722,0
KKFU5358166,6
MSKU7234766,2
MSCU4705166,0
CMAU8324544,0
EGHU2403666,0
MEDU6265488,0
HLCU9688688,2
CCLU4123666,2
MSCU7196555,2
HDMU8332244,4
MSKU6619055,3
HDMU9846944,6
CCLU9345544,5
EISU5227555,2
EGHU4964599,0
ONEU5162288,1
ZCSU3597455,5
MSCU3266288,2
CMAU6659522,0
MSCU4194766,0
MRKU9687399,0
MEDU1587999,2
MSCU5487288,3
CCLU7103855,0
KKFU9986288,0
MSKU8585477,2
HDMU6214466,5
HLXU3049599,0
KKFU2314311,2
MRKU2864766,6
EISU8280266,0
EISU1408266,2
CGMU5744300,0
HDMU8523333,0
MAEU1177833,5
ZCSU2832888,2
HDMU4181399,1
ONEU2178988,5
ONEU9363877,0
MEDU3592766,2
ZIMU4927633,5
CCLU2271500,2
ZIMU9724422,2
HLXU6316555,2
MSCU6876099,2
MEDU9932411,5
MEDU3201777,2
ZCSU4756999,0
MAEU7395511,0
CMAU8842600,2
MRKU3487244,2
MRSU3507200,0
ZCSU7254144,0
ZCSU7000000,2
ZCSU6190122,4
EISU7860844,5
MRSU9333522,4
ZIMU2034233,6
COSU8080700,1
MEDU5477599,6
HDMU2091088,6
MSKU3773277,2
MSKU8916655,0
MSCU7520055,5
MSKU1365300,0
EGHU6422666,0
HLCU4178255,2
COSU1495699,0
CMAU4816399,2
MEDU6474133,2
EGHU9231177,5
MAEU6607299,2
COSU3904699,5
ONEU7433833,3
CGMU7200199,0
KKFU3915888,1
ZCSU2832888,2
CMAU2178711,1
ZCSU3953455,2
CGMU9411677,0
KKFU9612211,3
MRKU2098922,2
MSCU3721944,4
HDMU6469744,0
HDMU3638199,2
CGMU5005200,2
HLCU2589466,0
MAEU7865488,1
CMAU1938355,1
EGHU2348755,0
COSU5810177,2
CCLU2679566,6
CCLU2729899,6
HMMU1517433,2
KKFU8520766,2
EGHU3348599,4
MSCU5068055,0
MSKU3637722,2
HLXU9734877,3
MRKU2211499,2
MRKU9981744,0
MEDU4492799,2
KKFU8287499,1
ZCSU9340844,0
ZCSU2673555,2
ONEU6275933,2
MSKU1316677,0
MEDU2830399,6
MAEU5389988,0
MAEU1657399,0
EGHU9796499,6
ONEU9980755,0
KKFU6964633,2
MRSU7574133,3
ZCSU5237055,3
HLCU4602211,5
MRKU2124600,1
MAEU3913855,4
HLXU4752544,6
HLXU8746388,6
CGMU4394244,2
CGMU1586399,3
MSCU1070299,2
HLCU1164066,1
HLXU8449722,2
MRSU8972944,1
MRKU7507988,2
EGHU6401766,5
CCLU9105422,6
MAEU5782966,2
HDMU5826455,2
EISU4920433,0
ZIMU8951566,2
KKFU9752444,6
MSKU7444200,6
ONEU9448388,5
MAEU4862977,2
MRSU4891277,1
HLCU6141977,0
COSU1240411,1
HLCU5617877,2
ONEU3390599,0
KKFU6803911,5
MAEU7518777,2
MAEU5223344,5
ONEU1381077,0
MSKU8885299,0
MEDU4530466,3
MSKU9591599,2
MSCU2433655,0
CCLU5543733,2
KKFU2795966,0
CGMU8027255,4
CMAU7397799,1
CCLU2439288,2
CGMU3970088,6
MRKU6296466,1
MRSU8140100,1
HLCU8945488,5
HLCU5742622,4
ONEU1191200,0
MRSU3245755,5
HLCU1827366,2
EISU5240744,4
HLCU3204900,1
HDMU4271855,2
MSKU2267088,6
ZCSU3878600,6
MRSU3516566,0
MRKU1112911,5
MAEU3472888,0
ONEU2108911,5
HMMU8475177,2
CGMU8993666,0
EGHU3873500,0
HDMU3421188,5
HMMU3761088,0
EISU8511100,5
MSKU4192800,5
MRKU4530277,4
EISU6144800,5
CMAU2095233,5
MRSU1256500,0
ZIMU1859933,0
HLCU6533300,0
KKFU8956888,1
MEDU7619522,3
ZCSU8473188,0
MAEU4070522,2
MSKU1539533,0
MSCU3059822,4
CMAU3222844,2
MSCU7415200,3
ONEU2812377,6
HDMU8419511,2
CMAU5751855,6
COSU4691899,2
MRKU5966366,6
EGHU6319144,2
HLCU5350099,5
HMMU3478677,2
HLXU7222511,4
MRSU1520866,5
MSKU9008622,0
ZCSU1129777,2
CMAU3830466,0
MSKU2481611,6
COSU9477388,6
MSKU4575800,0
CMAU1503911,2
HLCU9891444,4
CMAU7951566,2
COSU6202555,2
CMAU3902622,0
CGMU6392333,5
MSCU2028400,1
HLXU4000544,6
CMAU7486466,1
EGHU4836244,5
COSU4983855,2
MSKU7855766,2
COSU8684177,0
MAEU3169999,6
CMAU2836755,5
CMAU4594666,1
CGMU6289688,5
EISU5240744,0
MRKU4065600,3
MRSU1521744,2
HMMU7069122,2
EISU3321500,3
MSKU7212177,2
MSKU1046255,0
MEDU7698577,6
MRKU5248533,5
KKFU8630366,0
MAEU2717955,0
MSKU1749455,0
CCLU3453066,0
KKFU9211299,1
EISU6000366,5
MSCU9533966,1
ZIMU7427555,1
MSKU4702488,5
HLCU2390355,0
EISU9932444,1
CMAU2220211,2
EGHU3647255,4
MEDU3230466,3
MSCU1256977,2
HDMU9690855,5
MSCU2963211,6
COSU1091666,3
HDMU6572711,0
HLCU4856011,0
MRKU5361433,0
HLCU1143633,6
ZIMU5509811,2
MEDU2058211,0
EGHU6529277,3
MSKU6720711,5
KKFU2511455,2
HLXU5500133,5
ONEU8382777,1
MRSU6633188,2
MEDU1136088,4
HDMU4984077,0
ZCSU3803500,4
EISU8149455,0
HDMU3128033,2
MSKU8628000,0
CCLU4139488,2
HLCU3296255,4
EISU8033244,0
CCLU5534988,2
MSKU6355155,1
MRKU7433433,5
MSKU4884444,1
HLCU6165999,2
MRSU7825922,0
EGHU9113966,0
HLCU9427944,0
COSU5810177,1
HMMU9109500,2
CCLU3780788,0
ZCSU2823955,6
HMMU2104655,5
CMAU5107633,0
CCLU7917788,3
MSCU8528200,4
EISU5316000,0
KKFU3022177,5
CMAU2041799,1
CCLU7830033,0
EISU9339866,5
EISU6059588,1
HLXU4692599,4
CMAU6694377,5
MSCU2094533,1
ZCSU5020688,0
ZIMU3811233,0
ZIMU3491388,2
CMAU9739944,0
MSKU8187222,3
EISU2438433,5
HDMU7654955,0
ZIMU4702944,0
MSCU1750899,6
COSU6555177,5
CGMU3608155,0
MRSU3964222,2
ZCSU7294199,1
EISU6490133,5
CMAU9239222,6
ZIMU8400011,6
MSKU5171455,1
MSCU2650855,2
HLCU2142288,0
ZIMU2466233,0
MEDU7300311,6
CGMU2178288,5
ONEU9526288,2
MRKU1475399,0
COSU6129455,4
MSKU6963422,2
CCLU1557422,0
COSU8593966,0
KKFU1657011,5
MRSU8083133,0
ONEU1023588,2
HLCU8879899,6
MEDU7201911,1
ZIMU1332633,2
HLCU8222700,2
KKFU1405411,3
MRKU6599277,5
KKFU8290344,2
ZIMU7685933,1
COSU9150266,2
MEDU3307522,2
ONEU9297900,0
EGHU4423999,1
HMMU4830544,4
HLCU7602644,2
MSCU7089088,0
HLXU3644022,4
CCLU9716711,0
CMAU7503299,2
MEDU3969355,0
MEDU9385222,6
KKFU4608344,3
EISU4938144,4
KKFU2166599,5
MSCU5487288,6
HLCU3703955,2
COSU7085600,2
CCLU2679566,2
CMAU1871588,3
CGMU1051611,6
KKFU5646211,0
MSKU8601188,2
HDMU7284188,2
MRSU1506222,0
EISU3095244,2
ZIMU4578955,5
HLCU2684155,5
CGMU8814000,5
MSKU9680977,5
CCLU1150100,0
MEDU8231200,1
MSCU8816288,2
CMAU4204377,6
KKFU7549911,6
MRKU4091577,0
KKFU3853344,1
HLCU2142288,3
MSKU4429377,1
HMMU4685088,6
ONEU7621677,2
CMAU8152511,2
ONEU5676922,5
MSKU2400622,0
HLCU3634177,2
MSCU7636833,1
CCLU2596199,2
ZCSU3148433,0
MSKU3565122,1
MEDU9701699,2
HDMU9177988,0
MEDU2474966,2
CMAU4874866,5
HLXU9543788,2
KKFU6146588,0
MAEU7920522,5
MSKU1223133,4
ZCSU8108799,0
MSKU9829722,0
MAEU3946699,6
COSU4722311,6
MAEU5450477,2
HLCU7926200,3
ZCSU5622166,2
COSU7846899,1
EGHU1926522,3
CMAU7517899,3
CMAU4454744,0
ZIMU4687499,4
CMAU7506144,1
MRKU8987533,5
EGHU1923255,3
COSU7002933,2
HLCU4583988,2
MSKU3872433,6
MRSU1878122,5
CGMU3970088,1
CCLU5731800,0
HLCU9550333,2
COSU5571322,0
MRKU2034200,2
ZIMU4812199,2
ZCSU2017188,0
HDMU2931777,2
ZIMU8287400,5
MSKU9344355,2
MEDU7881066,2
MRSU4981033,6
MSCU2381633,2
MSKU1675644,2
CGMU3280766,0
ZCSU5952800,6
MAEU5216622,4
HDMU2791488,2
MRSU5108411,0
EGHU9289622,0
MAEU5961900,0
ONEU4037366,2
HMMU7120455,0
KKFU4026800,3
ZIMU2885611,2
HDMU8419511,0
MEDU9320000,2
EGHU7700000,3
HLCU1927933,0
KKFU5310600,6
EGHU4887911,3
MAEU6229111,1
MAEU4696822,4
CCLU9105422,2
ONEU6588200,5
CMAU9025366,2
HMMU3478677,1
CMAU2331822,2
ZIMU9148900,1
MRSU4367911,1
MSCU5328933,2
MEDU1064699,2
EISU1032600,2
HMMU2332788,1
MRKU3431611,2
MSKU9482499,2
MAEU1091499,2
MAEU9725077,2
HLXU8288777,1
MRSU1352411,2
MSCU3090000,2
ZIMU4103733,0
ZIMU1608022,0
CGMU1631822,0
CCLU9400155,2
HLCU1143633,0
MSCU6616400,1
HDMU9944111,5
ZIMU4788300,2
CMAU4201766,5
MEDU1085455,5
CCLU9993588,0
MAEU5100244,0
HLCU2368077,1
ONEU4519577,0
KKFU5625000,0
MAEU2505733,2
MEDU1591588,2
MEDU8403344,0
CCLU3279511,2
ZIMU1386944,0
MRSU3012633,1
KKFU6008077,1
EGHU1471900,0
MSCU3156900,0
MRSU5166977,2
MRSU3455511,5
HMMU9900422,2
MAEU9789533,2
ZCSU8453911,2
CCLU7764344,6
MSKU6018222,0
HDMU8599611,2
CGMU5302466,2
HLXU2109311,2
HMMU9480111,2
MAEU1450522,1
HDMU5300366,2
HLXU4842099,2
HDMU1907333,0
HMMU1868222,6
KKFU7454966,2
MSKU3184255,4
EGHU9638933,2
MEDU7701455,0
ZIMU6461088,4
MRKU4241866,2
HLXU7554400,0
EISU5489200,0
CMAU7734144,0
COSU4921966,2
MSKU7963800,1
ZCSU8804255,0
ONEU7479800,0
CGMU7737277,2
CCLU9724266,4
MRKU2384700,0
CGMU4000344,1
HLXU7433777,0
ZCSU2132211,3
HLXU8523444,0
MRKU8246044,2
MSKU4768055,2
EGHU8909566,1
MRKU7126666,3
HLXU2358222,6
KKFU8102833,0
HLCU2337700,1
MEDU1183300,3
MRKU4181877,0
KKFU5007577,0
ONEU5700399,0
HLCU4111233,6
ZIMU4570433,0
COSU9867644,4
HLCU7390899,1
ZCSU7148955,0
MSKU7478755,1
MAEU8058499,1
MAEU2839855,2
EGHU1980377,5
EGHU9793500,1
HMMU8514011,5
KKFU2825211,3
MSCU7843300,0
HDMU9891611,0
COSU7932233,2
MSKU6006900,1
HDMU3192122,5
MEDU1313600,0
MRSU4611700,2
CGMU9997899,1
HMMU3394644,2
HLCU3163400,1
CCLU1078322,1
MAEU9027700,2
MSKU7268733,2
CGMU9839199,1
HLXU5552155,0
HLXU7368088,0
EGHU2871799,6
HDMU7211766,0
HLXU2318299,0
HDMU3371099,2
MRKU2802600,2
HDMU8219911,2
MAEU3395399,5
KKFU4772733,2
CCLU4450922,1
EGHU4275122,6
COSU5588688,5
COSU9975033,1
HLXU5386499,0
MRKU6246155,5
MEDU4235244,6
ZCSU1917622,0
MEDU4082055,2
MRKU6411288,1
ONEU5678311,0
MAEU5077699,5
ZCSU1449322,5
KKFU2442488,2
MSKU7425900,1
MRSU9012500,2
KKFU4833099,2
MRKU8807655,1
ONEU3010966,6
CMAU1445211,1
MAEU5930500,4
HLCU5492400,5
HDMU1891177,2
EISU7718799,2
ZIMU8709355,0
HLXU6550500,1
CGMU5984022,5
ZIMU4337944,0
KKFU6328244,0
ZCSU6291744,5
MRSU6987188,2
CGMU6459399,1
HMMU5484155,0
MRSU1083333,0
CCLU8334733,0
ZIMU2773588,2
ONEU5464566,0
MSKU8633677,2
ZCSU6930888,2
HMMU7735800,0
ZIMU6202055,0
EISU5856088,0
HMMU8094666,3
EISU6352777,6
MRSU9325399,2
MSKU6915222,0
MSKU4423155,6
COSU2506699,1
MAEU2284299,5
ONEU2039811,2
CGMU5319277,0
HLXU4294388,6
ONEU1700644,2
CGMU9997899,0
ZIMU1663033,5
CGMU2455455,6
MRSU4224811,0
ONEU5073322,1
MSCU5007500,0
HMMU2806922,0
MRSU4886755,5
KKFU1102244,1
EISU2451755,6
HLXU4912544,1
MRKU2971066,2
CCLU2144999,4
MSKU2984133,0
HLXU8302955,5
CCLU2189699,4
MSKU5304355,0
EISU7876155,1
KKFU8401599,1
KKFU2450488,2
HLXU5812255,2
CMAU7985833,2
MSKU6010455,1
HMMU2082011,1
EGHU7897144,6
MSKU5743666,6
HLXU9559999,3
ZCSU4927533,0
HMMU3626755,0
MSKU6434311,0
CCLU8435355,2
HMMU5400977,5
HLCU3602900,2
HDMU8847888,1
ZIMU4865533,0
HLCU1097744,6
CGMU9128300,2
CGMU5005200,4
KKFU7613755,0
EGHU7011911,2
MSKU2809766,6
ZCSU2060111,0
ONEU8034788,5
ZCSU9772722,3
EGHU6848688,3
COSU9637933,2
MAEU1906577,0
CGMU2835099,1
COSU5110977,2
MAEU8965288,1
KKFU7839166,2
MSKU2505688,0
COSU6824611,1
MSKU8233855,2
HLCU8879899,2
COSU7873033,5
EGHU3189311,6
ONEU5316311,2
HDMU4358600,5
CMAU9406077,2
ONEU3933900,1
EGHU2624299,6
EGHU2311966,2
CGMU3346244,6
HLXU4116299,6
CGMU6680566,6
MSKU2964711,0
HLCU2031700,5
MSKU4265711,0
ZCSU3948311,1
EISU1624166,2
CCLU1557422,1
MSKU7911622,0
HDMU1638433,3
ONEU5124211,2
MSKU2746733,1
MSKU6285288,6
KKFU5567544,3
ZCSU2060111,1
HLXU6290622,5
KKFU6866411,0
KKFU5465766,6
CMAU9661088,6
MSCU6592500,0
HMMU9483388,1
ZCSU5417944,2
MSCU8074033,1
MAEU3091599,2
EISU8168033,0
MRSU8753799,6
HLCU8285655,5
HLXU8989177,5
MSKU1197199,0
CGMU3372711,1
CCLU9829033,0
MSKU9118311,2
ONEU2823733,6
MRKU7982888,5
MAEU8817222,5
MRSU2155622,2
ZCSU5005977,2
CMAU5239055,0
CMAU8805811,3
MEDU3677277,2
HLCU3414077,2
MRSU2471555,2
ZIMU8206355,6
ONEU1893511,2
CMAU8790722,0
MSCU3100311,1
EGHU4570533,0
HLCU3761511,6
MSCU6874999,2
MEDU6166322,6
COSU5496888,1
MRSU7792922,5
MRKU6695866,2
MRSU9270555,2
MSKU3404733,6
MEDU2616133,0
HDMU7179488,6
MSCU7866222,0
MSKU6405555,5
ONEU3531133,2
CGMU3643588,3
MRSU1961166,2
MRSU9363822,1
EISU7896499,1
HMMU5896888,5
CMAU9973855,5
EISU7864622,0
MSKU3223633,1
EGHU2124499,1
HMMU2173544,3
ZIMU4943788,2
CCLU8162988,5
KKFU9096677,2
CCLU1259077,6
CGMU9547233,0
CMAU8479666,0
MSKU5922111,2
HDMU6592588,6
MSKU6815888,1
MRSU8994899,2
HDMU9108211,0
ZCSU4573633,2
ONEU9295355,0
COSU1921588,2
HLCU3189133,0
HMMU1987988,4
COSU1517700,5
MEDU5177788,5
MAEU6159277,6
HMMU5827600,0
MSKU9544955,3
HMMU6679777,0
COSU8367722,1
KKFU1557388,2
MSKU4213477,1
MAEU6616199,1
HDMU8799299,5
KKFU8769322,0
MSCU2432166,0
EGHU5397777,4
HLCU1623422,2
MEDU3875155,2
CMAU9509422,4
CGMU6965088,0
MEDU8744488,0
MSCU7866222,0
EGHU2871799,2
ZCSU9552322,4
HDMU2584933,1
MSKU9646499,0
CCLU1142511,1
MSKU2109055,1
EISU9915488,0
MSCU7120833,0
MRKU5760977,5
CGMU9876500,5
ZIMU8192088,5
HDMU6483766,1
ZCSU3046311,0
MRKU1027422,1
COSU5613522,0
EISU2284077,1
MSKU6909455,4
ZCSU9304666,0
EGHU3705644,2
KKFU6071100,2
HLXU3133400,1
MSKU3463433,2
COSU1088122,4
HDMU2123600,0
CCLU2237544,1
HLXU8338633,2
CCLU3239899,4
MRKU6716322,5
EGHU9598499,0
ZCSU9238777,2
MSKU7911622,0
MEDU1650277,3
MSCU8234800,4
HLCU7435888,2
HMMU1119733,2
HMMU5503655,4
HLXU9060111,0
COSU3965511,0
CMAU4010177,5
KKFU4557244,1
HLXU2083977,1
ONEU4907177,2
MSKU4830533,2
CCLU5572066,5
MSKU4250899,1
MSKU8657744,2
MSKU2403988,2
MRSU3739833,6
HLCU8395555,2
MSKU4423155,2
HLCU5910033,1
KKFU9703688,0
MRSU6671255,3
COSU9249388,6
ZIMU9452599,5
HLCU3515655,3
HLXU9543788,2
HLXU5363688,6
CGMU7384488,1
MAEU1588422,6
MRKU7335599,3
EGHU5921777,0
HMMU7107477,4
KKFU7707144,0
EISU9111200,2
MSKU9776222,1
HMMU6879333,0
MAEU3398155,0
MSKU7876244,2
MAEU1390977,0
HLXU7159655,2
MSCU3221866,4
KKFU4811233,6
EGHU5316999,2
HLCU2044111,0
CCLU1523344,2
EISU2482422,3
MSKU1691600,0
HMMU7922266,0
ZIMU8200577,2
CMAU7247522,5
HDMU9818566,1
MEDU8621800,2
MSCU2345588,0
HDMU2430200,2
EISU5899833,2
MSKU4784522,4
MSKU8111744,6
COSU7269000,2
KKFU8403111,1
HLXU3794122,6
CGMU6825700,5
MRKU2965111,2
HLCU9008566,6
MRKU5297788,0
CGMU9905055,1
HLXU6761222,3
MRKU2167266,2
CGMU8664888,0
MRSU3048311,5
HLCU7767955,0
EGHU1026044,0
COSU9922022,4
COSU2126522,2
HLXU6672266,3
CCLU5614777,1
COSU7261066,3
CCLU2137999,2
MAEU2202944,0
MEDU8161599,2
MAEU3607633,3
ONEU5106444,0
CMAU8538266,3
CCLU5751122,0
HDMU4431200,5
MSKU9205511,3
ZCSU8101522,3
EISU7188811,5
ZIMU6089255,4
MRKU4621777,2
ZIMU5787288,0
CGMU3622277,0
MEDU1275011,1
HMMU4336288,5
HLXU9338955,5
ZCSU3519600,2
MSCU2219599,1
MSKU7605799,0
CCLU9031822,2
EGHU9978833,3
EISU7804977,1
MRSU9300700,2
HLCU3950344,0
KKFU8520766,1
MSCU6131488,2
ZCSU9204499,6
KKFU4822888,5
MSKU7682677,5
HDMU2165988,3
KKFU4497533,0
HLXU6248377,0
MRKU7960266,5
HLXU2167211,0
MRSU6018922,0
KKFU8918133,6
KKFU3369044,1
MEDU4116155,2
EISU1726133,0
MSKU6381488,3
HDMU6152044,0
CCLU7541555,1
HLCU7996866,0
MAEU2640166,2
CGMU5639488,2
ONEU8598099,5
MAEU7744077,5
ONEU7647199,6
ONEU2565499,1
HLXU7367311,0
CCLU8458355,1
MSCU2211488,3
EGHU4916111,3
KKFU3828111,0
MSKU3463288,0
EISU1375377,4
MAEU6117066,6
MEDU7954911,2
EGHU8963677,4
MSCU4477866,4
HDMU8599611,3
KKFU9512833,2
CCLU4640977,2
HDMU8229555,5
CMAU8842600,2
EISU9915488,2
HDMU4456044,6
MSKU4213477,1
MEDU1088755,0
CMAU6663044,2
COSU9975033,2
HLXU2321300,3
ONEU2696655,2
HLCU9617233,0
CCLU8235133,2
MRSU2097222,6
CMAU1110044,4
HDMU8966755,2
KKFU7433755,5
KKFU2693011,0
MRSU4401544,6
CGMU6827999,0
HMMU7956488,5
HLXU5214500,2
MEDU5497999,5
MSCU1869888,2
HLXU8613711,6
ZCSU3015544,6
HMMU6366111,2
MSCU5418322,5
CGMU3715055,1
MSKU3472422,6
MEDU6660700,2
MRKU7321144,2
HLCU3178122,2
CMAU8906433,3
MEDU5122455,5
MRSU5564566,5
ZIMU7295788,2
MAEU3138622,0
HMMU8245633,2
MSKU6425999,4
MSKU4930155,5
CCLU8856633,2
COSU5105566,1
CCLU6436233,5
MSKU4475000,2
EGHU5872555,2
HLXU3631755,0
COSU5685766,6
HDMU1895833,2
MSKU5393522,0
HLCU7582766,6
ONEU3739933,1
ZIMU4184144,0
HDMU9095933,0
HMMU1225255,1
EISU2126711,2
EISU2357100,6
MRKU5748500,2
HLXU2337666,2
MSKU5480866,6
HMMU1884077,2
MRSU7882900,4
HDMU3001099,4
MSCU4511722,1
CCLU4789366,1
EGHU5732699,1
CCLU6351799,3
MSKU6779388,2
EGHU1167666,2
HLCU6355266,1
CCLU5512955,0
MAEU7663166,0
ONEU3236411,5
HMMU4572544,6
CCLU5225833,2
MSKU5343966,1
CCLU8488033,1
HDMU1453311,6
MAEU3395399,1
CMAU4698911,3
CGMU3427044,0
EISU9267822,6
EISU4351333,0
ZCSU2748999,0
HMMU8100799,2
MRSU8947588,0
ZIMU7824044,1
MSCU1148722,1
HLCU9530855,6
HDMU1833877,6
CGMU5408900,1
KKFU6798155,3
HDMU4831377,0
CCLU6770477,1
ZCSU7139944,0
MSCU7645377,0
HLCU5468466,5
HLXU1658355,2
HLXU8786999,2
ZIMU5387700,0
MSKU4639122,2
MRKU6341711,2
CMAU5940533,6
MSCU4369299,2
HMMU7075733,0
ZCSU5704588,1
KKFU1090999,0
EISU9499666,3
ZIMU8320977,0
HDMU9865833,2
MRSU7143566,4
EISU4179055,6
COSU2126522,2
COSU5006800,0
MRKU9545311,2
ONEU2486422,0
MSKU7111144,6
CCLU2921622,3
HMMU4646200,0
MSKU1070699,1
ZIMU5649033,1
ZCSU3599677,0
MAEU8483511,2
COSU2345400,2
COSU8902255,6
HDMU1017166,0
COSU5461944,2
MSKU2512611,1
ZCSU5313155,0
MEDU7616366,1
MRKU1361199,5
EISU5160044,1
MSKU1823755,0
MSKU7820300,5
MSKU4828733,5
EISU5290055,5
COSU6324377,5
CMAU9209799,1
MEDU4352466,1
EGHU5528755,5
MAEU4802422,3
CMAU4134722,2
EGHU6999555,2
ZCSU1731511,5
EISU9197677,0
HDMU3237433,5
MRSU4071077,6
MRKU1134600,2
MSCU5046888,6
ZCSU6419933,3
HLCU7258688,5
CGMU6702466,2
MRKU8484433,5
MRKU4068322,0
COSU4576822,1
ZCSU7835133,6
HDMU9897533,5
MSKU1407211,0
MRKU6970888,6
MRSU3393611,3
HLXU9858822,1
KKFU9232600,0
CGMU1430955,2
EISU7835333,0
COSU9160166,0
MRSU5490122,6
MSKU7576099,1
MEDU1681688,0
ZIMU5930433,2
HLXU5114677,2
HLCU8481311,5
CMAU8047522,0
HMMU9920955,2
ZIMU3969900,0
HMMU2928988,0
MRSU3361888,2
HLCU2589466,6
EISU3134055,2
MSKU7508366,3
ZIMU4525266,0
CMAU1106722,0
MAEU4921022,2
EISU1624166,0
ZCSU9595133,3
HMMU1884077,2
MSCU6255900,5
KKFU7574066,5
CMAU4850477,4
MRSU4287555,4
HLCU7554400,0
MSKU3005177,1
HMMU7945799,2
HLXU6503911,2
HDMU2343066,5
HLXU8626077,1
MEDU3831822,0
MSCU7400188,0
MEDU3592766,0
EGHU5932511,3
EISU2037433,5
HMMU3195377,3
HDMU9743311,2
HLCU9216544,3
KKFU4626422,0
MEDU4701244,3
CMAU9449133,2
HDMU6781733,0
MRSU2002777,0
ZIMU9443088,5
HLXU2580966,3
HMMU1927044,2
COSU8715911,5
HLCU3516400,5
ZIMU9164855,5
HLCU2978177,6
CGMU5428344,0
HLXU7333677,3
CMAU1252744,2
MSCU7778977,1
HLCU1869333,2
HLCU8427044,2
MSCU7903000,1
MRSU1961166,1
MSKU1223133,0
MEDU3594388,6
MRSU3026077,0
HDMU6752399,5
HLCU9610077,3
HLXU5748433,4
CGMU9245855,0
EGHU3350066,0
COSU5550133,0
EISU3194422,3
MRKU4557055,1
EISU3993522,5
HDMU9446822,3
HLXU5812255,5
MSKU9713588,1
MRKU1201866,0
CMAU5299822,0
HLXU5136199,1
MSKU5263966,4
MRKU6560788,1
HLCU3451555,2
HMMU5592600,5
ZCSU9815800,4
HMMU9035022,2
ONEU1169666,5
KKFU3146011,5
MEDU4436022,0
EISU7573111,5
MRSU5244488,2
HMMU7773966,2
MAEU4664100,5
KKFU3879466,0
HLCU3903177,0
MSKU1823755,0
HDMU9221955,5
HDMU7476377,6
ZIMU2447477,0
ZIMU7145011,1
MAEU7423744,0
CMAU2858644,2
HDMU2995800,2
MRKU8362733,3
MRSU1652988,0
MAEU9428044,5
ONEU3905755,5
COSU1271744,0
MSKU2500333,4
EISU3981700,1
MRSU5626900,5
CCLU2270066,1
ONEU4163444,2
CGMU7336055,6
HLCU3912244,2
MAEU3894900,1
HMMU1168033,0
KKFU1616433,2
MAEU9348299,2
EISU7524822,2
KKFU5477200,2
EGHU9860355,1
HMMU6633255,6
EISU9475022,5
KKFU4360933,1
KKFU8818955,0
HLCU2765277,3
CGMU1970399,1
ZCSU1543711,0
EISU1405744,6
CGMU2286944,6
CMAU5251077,2
CMAU4272355,0
ONEU2694677,0
ZIMU3125855,0
ONEU5695088,5
CGMU3277177,2
ZCSU2873444,1
HLCU9653255,1
MSKU7526233,1
CGMU8202299,0
CCLU1568377,2
MEDU4910655,5
KKFU2326766,1
EISU4049288,0
MEDU6643466,5
ZIMU8655633,6
EISU1365533,1
COSU1361755,2
ZCSU1564288,0
ZCSU7675911,0
CMAU7831644,0
CMAU4783466,4
MRSU7998833,0
HLCU3086822,0
ZIMU2786111,6
ZIMU9876077,6
EGHU1049866,2
MSKU3166022,4
MSCU9501588,0
ONEU7204322,3
ZIMU9055800,2
ZIMU7115188,1
CCLU5572066,1
MAEU4833955,0
MEDU5485911,2
HLXU7986277,5
ZCSU2079122,0
ZIMU4498733,4
MSKU3511477,2
MSKU5744744,6
EGHU7583722,1
ONEU2927911,5
MRSU4449888,0
HLCU3637300,5
CGMU9097522,1
MSCU5273766,5
MRKU9520322,0
MRKU7058711,5
HLXU7796411,5
MRKU5012866,1
HLCU2566422,2
MEDU3993522,2
MSKU3558555,2
MSCU2205144,0
KKFU6911244,2
COSU7617533,2
HMMU6706477,4
EISU4470600,0
MSKU6987900,2
CCLU2926722,2
HLXU1153588,0
HLXU6070444,0
CGMU9094099,3
CGMU7083011,4
MSKU1696544,0
MSCU1874000,5
MRSU6088322,2
EISU8920122,2
MAEU1672866,0
EGHU6389855,1
COSU1323911,2
HLCU3815344,0
MEDU7440722,1
COSU5154133,2
MSCU1344744,1
HLXU5939266,5
MSKU3705800,1
EISU6657811,5
HDMU6273099,2
MSKU9788833,4
MSKU6962566,0
MRSU6390788,2
ZIMU9038677,0
HDMU9250600,0
HDMU6666677,5
CCLU5904333,6
EGHU7124344,2
HDMU1371944,2
ONEU1889100,3
KKFU8102833,2
MSKU9410833,0
HLXU9296766,0
ZCSU8197144,3
EISU4435166,0
ONEU4988288,0
HDMU7264666,5
HMMU7203555,1
MRSU2009433,5
CCLU6833588,4
EGHU2941733,0
ZIMU1189744,0
MSCU1587499,2
ONEU4911177,5
MRKU8954266,2
HLCU9370099,2
EISU4136355,2
HMMU1029477,5
HLXU3388033,0
MSKU7204788,2
COSU5434133,5
MAEU9350300,5
ONEU8034788,2
KKFU8871955,0
MRKU8925111,2
EISU5637011,5
HLCU2144833,6
HLCU1319022,3
HMMU1189788,1
CGMU6217155,1
HDMU7863766,3
ZIMU6614677,1
CCLU6820611,0
COSU4285899,0
KKFU5795999,2
ZIMU1407388,3
ZCSU8394766,0
COSU4635122,0
CCLU5747799,5
HDMU8413811,0
HDMU4461911,6
ZIMU6923255,2
MSCU2247499,0
CCLU7132777,2
HLXU4463744,2
CMAU4642499,2
MRKU5248533,1
MRSU8815888,0
MAEU4071655,5
COSU7932233,5
MSCU8821777,5
KKFU7863133,3
CGMU2030011,0
EGHU7714822,2
HMMU5612911,3
MSKU4464377,1
EGHU8508455,1
HLCU5559255,5
ZIMU7993299,3
ZIMU5120499,5
EGHU8033344,0
HDMU6273099,5
KKFU7535588,2
HLCU5014133,5
ZIMU4158155,5
CGMU2938755,5
HDMU3385899,1
MRSU3651433,0
ZIMU6826699,2
MSKU3166022,4
ONEU9562166,5
MSKU7667799,2
CCLU3727522,5
CMAU4357511,3
MRKU3689644,2
MRKU3422677,6
MSCU2571533,2
ONEU1210200,0
HDMU9764788,0
MSKU4230900,5
ZIMU2170488,2
ZCSU3979777,5
CCLU6308622,2
HLXU1775588,1
MSCU8755544,2
ZIMU8907055,2
HMMU2473577,0
HLCU8097733,0
CGMU2575622,0
HMMU2891744,3
MRSU4956011,3
MRSU6257233,0
CMAU2312266,6
MAEU5575444,0
MSKU8349299,5
HLXU6954899,2
HLXU1501655,2
HMMU1765899,0
HMMU3359466,3
MAEU1796811,0
ZIMU9894822,5
CGMU7765811,6
HLCU8446966,0
HLXU6545933,2
ZCSU7052800,2
EISU7053700,5
MRSU4283655,5
ONEU5418633,5
CCLU9928699,1
HLXU7583800,5
KKFU3512200,5
KKFU9547811,0
ZCSU6315477,2
HLXU7585100,2
HLCU8941677,2
MSKU3645633,2
HLCU9105533,2
EISU6452266,5
HMMU5480566,2
MRKU5878977,1
HLCU5202333,2
MEDU7647566,6
HLCU7153700,3
ZIMU1386699,2
EGHU9805011,6
COSU6245355,0
MRKU9921800,2
MRSU9105844,4
HLCU1548466,4
MSCU6250066,6
HLCU3576611,2
ONEU7027344,6
ZCSU1301111,1
EGHU8508455,1
HMMU6887099,0
COSU8509855,5
ONEU8600344,2
HLCU2239355,0
ZIMU1549811,0
CGMU6038422,6
EGHU8056866,0
MSKU6222777,6
COSU6463088,0
COSU9729977,0
MSCU7373855,5
HLXU2837411,2
ZIMU4725166,4
COSU1491133,4
ZIMU1717022,5
HLXU8322644,0
CGMU6217155,2
HMMU8393488,0
MRKU9606022,2
EISU6251577,5
COSU8487322,2
ZIMU2998333,2
KKFU4147266,1
HDMU1150022,0
CGMU8448766,3
EGHU6686733,2
COSU8597166,4
MSCU5857599,5
HLXU2136122,5
ZIMU6885699,5
CGMU2498155,3
HLCU4269311,0
ZIMU1201955,6
ZIMU3051677,6
CGMU8973111,5
KKFU5611200,4
EGHU2411844,4
MSKU2784699,6
HLXU7676299,6
CGMU1123311,2
MRSU7490855,2
CGMU9094099,2
HLXU4755155,4
HMMU7706533,4
KKFU5052522,0
EISU8393100,4
MSKU9215400,2
HMMU5627988,3
ZCSU7272911,4
MAEU4524133,1
MSKU2270544,6
MSKU9111922,0
HLCU7910677,0
HLXU4360611,0
HDMU5687833,2
ZCSU7672733,2
ONEU7557277,4
ZCSU1946644,5
MSCU8513977,5
HLCU5621788,0
ONEU7352966,0
CGMU1225911,1
MSCU6110844,0
MEDU3324300,1
HLXU7147744,0
HLXU9296766,0
MRSU2220377,6
EISU8833600,2
MSKU3092600,2
MRSU2751788,0
MSKU1860944,6
HLXU1658355,1
HLXU3940577,1
MSKU1737366,6
MRKU7647600,2
KKFU7574066,2
EISU4066588,5
MRKU1703622,5
CCLU6601888,3
KKFU6805499,0
HLCU1090733,1
CGMU3873322,2
HMMU5593255,0
ZIMU7733122,1
HMMU7040311,0
EGHU7180977,2
MSCU9969555,2
HLCU8988733,6
MRKU5098299,0
ZCSU2967255,3
ZIMU8400011,6
MSCU9004600,3
MRSU8543799,0
CCLU6805266,2
EISU6129122,2
ZCSU8895844,2
MRSU9675477,2
ONEU4581966,0
MEDU6144466,0
MSCU4630899,0
KKFU4026800,0
HLXU8919622,1
KKFU9983844,0
HDMU5189688,2
MEDU9698900,0
CGMU6164377,5
MRKU8487333,5
ZIMU3412222,0
CGMU1516466,1
COSU9153277,2
ZCSU1179944,5
HDMU2995800,6
MSCU8334833,1
MSCU6518322,2
HMMU9191277,0
MEDU5750377,5
HMMU7938322,1
MRSU5249600,1
CCLU1557422,2
HMMU3761088,0
ZCSU7821899,5
CMAU1645933,6
MRKU5337933,1
HDMU3040644,0
ZCSU4089433,0
CMAU4852511,2
COSU7533977,6
EGHU5900666,1
HLCU5468466,1
CCLU9870677,5
MSKU3045311,5
MAEU4527011,0
HDMU8766722,1
CGMU8807966,0
MRSU4385677,6
MRKU9516666,1
CGMU8434399,2
MRSU8905188,2
KKFU8520766,0
ZCSU9630155,1
EGHU8708555,0
MEDU8994999,4
CCLU2379088,0
EGHU8527222,5
HMMU2341955,0
CCLU7875477,0
MRKU9713155,5
MSCU1478966,0
ZIMU5910299,0
MSKU6184322,6
EGHU9335544,2
CCLU9745355,5
KKFU2262900,2
ZCSU6707177,5
MRKU9152799,1
EGHU6130988,3
EISU2016055,0
EGHU3262222,0
HLXU2470544,0
ZCSU8989400,0
MSKU8977344,5
ZIMU9038677,6
EISU8541500,4
ZCSU6792822,2
CGMU7442911,5
HLCU8876411,0
MRSU2780533,2
ZIMU2400300,1
MRSU4086722,2
CGMU9106855,2
CCLU4257699,2
EISU5968555,2
HLCU9470555,0
ONEU9202744,0
MEDU8373411,6
CCLU9825533,2
COSU8987166,0
MSKU4699600,2
MEDU8328899,2
MRSU2207877,0
EGHU5172266,2
KKFU4155166,5
MRSU5111477,1
CMAU9823466,0
ZIMU7960744,0
ONEU7764088,2
KKFU7540455,0
KKFU8876822,4
MRKU7272855,0
MSCU6321033,0
MAEU8793944,5
ZCSU2500911,2
ZCSU5367799,6
ZIMU8867155,2
MSKU6347199,6
EISU5679299,5
ZIMU3498388,0
CCLU9512077,6
MRKU2405588,6
CMAU8908100,2
CCLU8604888,6
CCLU9300122,0
MAEU1290733,0
HDMU7249866,0
HDMU3385899,0
MAEU5348799,0
MEDU8994999,0
HLXU7796411,5
HMMU9678377,2
MEDU9753177,0
MAEU5494544,2
ZCSU7015222,3
ZCSU7114299,0
CMAU2877344,3
HLXU9385033,0
ZIMU4810000,5
MSKU9523588,5
COSU4578177,1
ZCSU6409877,2
CGMU5637088,5
CCLU2295699,3
HDMU4392022,2
CGMU6712822,5
CCLU6572755,5
MSKU4669022,0
ZIMU2301099,5
HLCU2911666,3
EISU5193911,6
MRKU7551677,1
MSKU5109388,0
CCLU8158488,2
HLXU1802388,0
HMMU7345977,1
EISU8869533,2
MSCU4030411,6
EISU5677588,4
MSCU7763777,2
KKFU8016522,3
CGMU3598677,3
EISU1794233,5
MSCU5064555,3
MRSU6454188,2
MSKU3428133,0
ZIMU2533600,2
EISU9626666,6
MSKU2337055,5
EGHU8275388,2
MSKU3866377,2
KKFU8214522,0
CMAU8859788,2
MSKU5816900,1
CMAU3046166,2
CMAU3754277,0
MSCU6292166,0
CCLU6927911,0
CGMU8464177,0
MAEU2552655,0
CGMU2141288,0
COSU8308155,6
EGHU9631333,2
EGHU4978555,1
CGMU6259499,2
HDMU3067533,3
HLCU6965355,4
CMAU2763088,2
ZIMU3130088,0
CCLU6317188,2
HLXU4142700,2
MSKU6898500,0
ZCSU8422366,3
ONEU7800100,3
ZCSU7842500,6
HDMU9743311,5
KKFU2447344,0
EGHU1245599,2
CCLU2921622,0
CGMU4842999,5
MEDU9242922,6
ONEU3659999,3
ZCSU7675911,3
COSU7348588,2
COSU7441255,5
ZCSU7279444,3
KKFU5575244,3
CGMU2723277,2
EGHU6988155,2
CCLU1791477,1
HDMU8927500,2
MSCU4591811,2
KKFU4603255,4
MRKU9065044,0
MEDU2576577,2
EISU5582433,6
EISU9150055,6
MEDU5940722,5
HLXU2047322,2
ONEU5691255,6
MAEU7119733,2
ZCSU2132211,5
ONEU9310166,5
ONEU3390599,2
COSU4921966,3
MRSU4428677,1
EGHU4626011,2
EISU1939399,2
HLCU4128833,2
MRSU3726988,0
ZIMU8351466,0
MSCU7116433,5
KKFU8933400,0
EISU8389977,2
MRSU1841177,2
MRKU5156299,5
KKFU2540900,4
CCLU5020722,5
MSCU8093855,0
KKFU7071677,2
CGMU2188788,2
MRKU5883722,1
EGHU6381588,2
MSKU4464377,2
EGHU2606755,6
ZIMU1140733,2
HMMU8088399,5
MAEU7348888,6
HDMU1448522,2
CGMU8788100,3
CGMU5795844,2
CCLU6398733,1
KKFU6682866,0
MRKU8471255,0
MRKU2032044,2
KKFU6059011,1
MRKU8598844,2
ZIMU4974788,2
MSCU5122499,0
EISU5620644,4
MSKU5722022,2
CMAU4697322,0
MRSU7993122,5
MAEU8906611,2
CMAU3571099,3
MAEU3992333,1
MSKU3092600,1
CCLU6674844,5
EGHU3220577,1
HDMU1136144,1
ZIMU9404766,5
MEDU6205000,0
COSU5565488,0
EISU6404622,5
ONEU5215655,4
MEDU2373022,5
MRSU9729311,0
CGMU6459244,2
EGHU7998999,1
HLCU5418000,0
HDMU1416588,6
MRKU2635833,1
MEDU8034444,2
MEDU6954755,1
MEDU8165944,6
ONEU4440800,4
ONEU4366433,2
COSU7493611,2
CMAU6864955,3
EISU8076677,0
MRKU3254888,2
HLXU7898722,2
CGMU5260755,2
MAEU3208688,2
CMAU4811544,2
MRKU1195177,2
CGMU3919966,5
CMAU6624322,4
HLXU6001211,2
MRKU5842855,0
MSKU4191188,2
HDMU6945088,0
HLXU7073600,3
HLXU6550500,2
MEDU2502399,0
MRSU9264200,5
MEDU9230766,2
HDMU3124733,4
HMMU2098133,0
COSU9747322,0
MEDU3735455,1
KKFU2366633,2
ZCSU9532122,2
HMMU1810099,2
COSU1504699,0
CGMU9412211,0
ZCSU5098355,2
MRSU9515622,5
CGMU3755100,1
EGHU3450022,1
HLCU8046800,0
MRKU7330966,2
HLXU8682555,2
MRSU6580777,0
MRKU2112255,0
CMAU6206888,0
COSU2354611,3
ONEU9247788,4
COSU3615711,2
HLCU7952444,6
CCLU8535577,0
EGHU3871577,0
HLCU5360577,0
ONEU8223977,2
HLCU6063300,5
MRSU5166099,2
MAEU5091988,0
MSCU5636800,4
HLCU8898977,2
CMAU4090566,2
EISU9506022,2
ZCSU2002455,0
MRKU4756944,2
CMAU7450666,2
CCLU3398388,5
MSKU1262077,0
HMMU7493411,2
MEDU5701977,0
EGHU5925944,5
MAEU5533366,5
CMAU8452566,6
ONEU3479399,2
EISU6000633,3
EGHU6609766,0
ONEU7352966,5
CCLU8535577,5
MSKU6423322,2
HDMU2548300,1
MRKU6806277,4
MSKU9993944,0
HMMU1317822,0
MEDU3930599,0
HLXU3707233,1
HLXU9747633,2
EISU1947900,6
ZCSU1129777,2
MSKU4257300,2
CGMU1939466,1
MEDU5011266,6
EGHU3546111,2
EGHU6876266,6
ONEU6486900,6
CGMU9353066,3
MEDU3998077,5
MRSU7918655,0
HLCU3018644,2
HLXU9849277,5
MRSU8877066,2
HDMU7379666,6
HLCU7767955,5
EISU6904566,6
KKFU3220633,1
HMMU4173944,2
ZIMU5424966,3
EISU7094444,2
ONEU8113777,1
EGHU6422666,5
MAEU2548733,2
ONEU5566300,5
MEDU6305900,1
MRKU5060944,6
ONEU3859922,0
COSU6647200,0
ONEU4988455,1
MAEU4139766,1
ZIMU6077744,0
CMAU6401899,5
MRKU7876088,0
HLXU6001211,2
CGMU7384488,2
CCLU1749222,2
MSKU8778044,1
MEDU9459922,2
MAEU8469599,6
HLCU9654244,1
EISU5941155,3
MSKU8228300,1
MSCU5528466,0
MAEU7230877,5
MRSU8652799,0
EISU7328444,0
HDMU3524133,2
EGHU5780955,5
MAEU3784122,0
MSKU3956699,2
KKFU5030099,1
MEDU6954755,0
COSU4635122,5
EGHU3946766,6
MRSU7814877,4
HLCU7018688,0
CCLU4789366,5
MSKU9777144,2
ONEU2063822,3
EGHU6967544,1
HMMU4496733,5
MSKU5263966,0
MSCU3497955,2
CGMU1849855,1
EGHU1744688,5
MSKU4440166,2
EISU5578955,2
MAEU1817299,0
EGHU6209599,5
ZIMU7436566,1
HLCU5908433,1
HDMU2823711,1
ONEU9147877,2
EGHU6328800,4
MEDU3695300,2
EGHU4503599,0
MAEU1672866,5
MSKU8196288,2
COSU6141933,2
HLXU3219144,1
CGMU2062177,5
MSKU1407199,2
MRKU6726099,2
MEDU7243633,5
ONEU5597333,2
MRKU2066877,0
ZIMU6995111,5
ZCSU8011755,5
EISU5384933,0
HDMU7924677,3
MEDU4911888,2
MSKU7605011,2
MRSU1707133,6
HLXU2804533,1
MRKU2497844,3
MEDU3681244,2
HLCU8353099,0
MSKU4804444,6
CMAU7763200,5
CGMU2981122,2
CMAU4811544,6
HMMU4548233,5
EGHU5699099,1
COSU1342266,0
MRKU8925722,2
HDMU4201066,5
ZIMU9329611,1
MRKU7733588,2
CGMU9227411,2
MSCU9666288,2
ONEU5551911,2
MSCU7767833,5
MSCU2860555,5
MAEU3689911,2
MEDU7148677,1
MSCU3721344,0
MSKU5841355,0
MSKU4596455,0
MSKU2400622,2
HLCU5983477,1
MEDU9424844,2
HLXU2638555,0
ZCSU4404333,0
MEDU6316233,0
CCLU8917044,1
CMAU2391455,1
KKFU9527522,2
HLXU3516133,6
ZIMU9985099,0
CGMU5082422,4
MRKU7291577,6
CMAU6766922,2
EISU2044700,2
ZCSU5804411,0
MRKU9960677,2
ZIMU5928433,0
HLCU3079288,2
ONEU8709400,2
KKFU1740655,2
MRKU5060944,0
KKFU3537333,1
MRKU2444311,2
MSKU6606300,6
ONEU5997277,0
HLXU4760233,6
HMMU2016344,2
HDMU5220622,0
MRKU4720111,3
CGMU4659544,6
COSU7782611,2
CCLU1830244,6
MRKU5756833,6
CGMU4452566,2
HLXU7396955,6
MRSU5108411,2
HLXU8180000,4
HLCU3501788,5
COSU4532166,1
ZIMU7361055,2
COSU9048566,1
HLXU9646999,3
MRSU8307588,0
MSKU3004955,2
CCLU9992900,0
MRSU4299422,2
COSU2682277,2
EGHU9087522,2
MRKU1474211,2
KKFU6910500,2
MAEU4766533,0
CMAU6210577,2
MRKU4818433,0
KKFU9827244,0
COSU6387544,3
MRKU2297733,4
CCLU5014000,6
CMAU6486166,0
KKFU5462488,6
HLXU5211944,2
HDMU2572677,6
ZCSU6300133,0
ONEU2393544,2
CMAU4761500,6
MAEU1636822,5
ZIMU4723288,0
HMMU1714744,2
HDMU4753333,5
ZCSU8422366,2
HLXU2470544,0
ZIMU3615311,2
ONEU5776677,0
CGMU8676599,5
HMMU4241411,0
EISU7300055,2
MSCU4837733,2
CMAU4025199,0
EISU3336399,0
MAEU4525588,2
MSCU1128700,1
MSKU8900066,6
MSKU9100266,2
ZIMU1674544,2
MSCU7165822,1
HLXU5196688,5
COSU5620311,4
HLCU3938133,1
MEDU8357177,3
MSKU8480188,5
MSKU8966211,2
MSCU4005966,0
MSCU4154333,2
CCLU5180088,5
ZIMU8651644,2
MSKU7333266,0
CGMU4499855,0
MRSU5903044,0
KKFU3667611,1
HLXU8143977,3
CCLU1277544,2
EISU3373233,2
CMAU8880411,1
MRKU8430988,4
MRSU2721222,0
MRKU4577900,0
EISU1208077,2
CGMU2163711,0
MRKU2949122,4
HMMU6325988,5
CMAU8864877,5
EISU9607466,5
ZCSU8534833,0
MAEU7200300,0
HLCU6989900,6
MRKU7793800,0
HDMU9322277,2
CGMU2401511,2
HLCU2891655,1
CMAU9330044,0
MRKU8239900,1
MEDU5351588,2
MSKU8406999,2
ONEU6438299,2
CGMU6551244,1
ZIMU9714011,0
HDMU1764100,2
KKFU2861522,1
MAEU8165722,5
KKFU7548988,6
MSKU2214722,2
HDMU1390211,0
ONEU2775800,1
ZCSU8679122,4
MSKU2681011,0
KKFU9764400,0
MSKU7855766,0
HDMU2555122,5
EISU5717211,3
HDMU1269933,0
CCLU6558288,2
EGHU3576022,1
CCLU8400511,2
EISU3694322,1
MAEU8265188,4
CGMU1291688,1
CMAU3795633,5
MRKU4557055,6
MSKU3095422,2
HLCU9070455,2
EISU9607466,1
HMMU1232766,1
HMMU1714744,4
MEDU7662500,1
CGMU8145255,3
KKFU3423688,2
MAEU9604611,4
ZCSU8148066,4
HLXU5764466,0
HLXU3437133,4
MSCU9296522,2
MSCU1309199,1
CMAU6642666,0
MEDU8912566,2
COSU2408533,6
EISU2911455,2
MRKU1341877,3
KKFU9432099,5
MRKU1671066,5
CMAU4663366,6
CGMU8401855,2
MEDU6812022,3
HLXU7427366,2
HMMU5958055,0
EISU4466144,5
MEDU2774222,2
CGMU4699822,0
CGMU1631244,2
CCLU2084588,4
CMAU4600088,6
MAEU1504655,0
CCLU9590544,0
MRSU1664844,6
ZCSU7863700,0
CCLU2528400,0
EGHU4290799,1
EISU6982199,2
MSCU3780322,1
MRKU6273011,5
CCLU4710544,2
ZIMU2242733,0
MSKU8377755,1
COSU5205611,2
MRSU5608533,2
EGHU4339688,5
COSU5205700,1
MRKU2263933,2
HDMU5989655,2
ZCSU8191155,0
MEDU3040200,4
MSKU2802711,2
MAEU4745400,5
HMMU6312400,6
MRSU7656966,5
COSU1898077,1
ZIMU2911000,5
ONEU5682155,1
MRKU1767199,2
MRKU1779244,4
COSU5447699,6
ZIMU7946600,5
HLCU3836933,0
EISU3815999,0
MAEU9221611,0
ZCSU3566588,6
MSKU8253622,2
HMMU4195044,0
ZCSU1777911,6
EGHU2534899,1
MSKU2575911,2
MEDU1840300,0
EISU2317044,5
MAEU1776599,2
EGHU3091400,2
HLCU5294733,0
COSU5644344,6
HLXU2045011,4
HLXU7871455,2
ONEU5475999,0
CCLU9409722,3
EISU1152111,6
MSKU1320488,1
CGMU8056511,2
EISU5241344,1
CMAU4103500,1
KKFU3866666,1
EISU3717344,2
HLXU2163999,6
ZCSU9030688,0
EISU9337500,0
MSKU3557311,5
HLCU9093399,3
CMAU5884033,1
MSCU8257499,0
ZIMU5039455,0
CCLU8789544,5
ONEU7473177,5
ZCSU3359944,1
EISU5677588,1
EGHU6240188,6
HMMU9942322,6
MAEU7472155,5
HDMU3900544,4
ONEU2987311,2
MRSU3985899,0
MRSU1396233,6
COSU8997300,6
MEDU6507588,0
HDMU1119177,0
MSCU3218100,0
HMMU8005877,5
MSKU3202244,1
CGMU3647888,3
ONEU4485100,2
CGMU2231100,5
CGMU7214399,5
HDMU4513088,4
MSCU2219599,1
MRSU3462022,0
HDMU8845455,5
ONEU3842199,2
CMAU2727055,2
CGMU4487999,2
EGHU8187499,0
CCLU1358144,1
MAEU4768499,5
ONEU1018288,2
COSU5179300,1
KKFU8244533,1
MSKU2522644,1
MRSU1396233,1
ZCSU6208288,0
MSKU4874199,6
MEDU6056699,5
HMMU7045644,2
MSKU4170200,2
ZCSU4016211,6
ZCSU4196466,1
ONEU8223977,5
ONEU1019333,2
MAEU9185588,2
ONEU3730200,2
ZIMU6525088,0
MSKU6672900,5
ZIMU9966099,6
ZCSU1460000,0
MRSU6679655,2
MSKU1026977,0
MEDU7136044,2
HLXU2176099,5
CCLU9159122,2
CGMU4784800,6
HMMU1755188,6
CMAU5920599,2
KKFU5918599,1
HLCU9683233,1
HLXU8884188,0
EGHU5528755,0
CGMU6503822,3
KKFU8208155,6
ONEU5209799,1
EGHU6389855,6
EGHU8625400,6
HDMU3084266,1
MSCU1311766,0
COSU2781322,1
KKFU7551411,3
EISU8637699,0
MEDU9536100,0
HLXU7289922,1
CCLU7905822,5
ZCSU6189899,5
CGMU1322933,2
COSU2490322,2
MAEU7619788,2
MSKU2153922,3
CCLU9565800,0
ZIMU6750700,2
HMMU3243066,2
COSU3607155,2
HMMU6041555,2
MSCU7573211,2
MEDU5381111,3
HLCU1145999,4
ONEU4937777,4
EGHU6566288,2
HLXU9551155,0
COSU4039988,0
MSKU6459577,3
HLXU8679366,2
MRSU1337166,0
ONEU8373699,6
MRKU6168255,0
HLXU6672266,0
CGMU3793155,5
HLXU8343133,2
ONEU9609666,3
CCLU7122400,3
HLCU1526233,4
HDMU3872344,2
HDMU1692777,5
HLXU9006388,2
EGHU4834511,2
CCLU9320966,2
EISU3542233,1
ZIMU6582422,0
ONEU5192544,0
EISU9929477,0
ZCSU6114866,1
ZCSU4016211,2
CMAU2653288,6
MEDU8296422,0
MSCU3257500,2
HLXU2083977,2
CGMU3755100,0
ZCSU1345111,0
ONEU6974466,0
MSKU7955211,0
MEDU9703066,4
CGMU8524000,3
EGHU3895111,2
ZIMU9862922,2
EISU9849499,5
MAEU5209999,2
CCLU2729899,0
HLCU1466133,1
MRSU8648077,4
CMAU7761422,5
CCLU8625066,0
HMMU2951522,1
HLXU1046999,1
MEDU2708511,0
MRKU5767888,6
CGMU3268733,6
EGHU6905344,2
EGHU6639300,0
CGMU6324933,3
CGMU1361388,6
MSKU3004955,4
ZCSU6735755,6
ZIMU8917000,0
ONEU7299822,3
ZCSU9412599,2
ZIMU3461677,1
MRSU1567799,5
ZCSU1572911,1
EISU5338444,5
CGMU1673122,2
ONEU5754644,0
MSKU2667433,3
KKFU7548966,0
MSKU2242733,2
COSU1711199,2
MSKU4141111,2
CMAU5730388,6
MAEU5621000,2
MSKU5986644,2
HDMU5712500,1
CGMU9599244,1
ZCSU3653166,2
MEDU8472366,2
CMAU7472388,2
HDMU6688488,5
HLXU8207722,2
MAEU2087622,6
HLCU9141144,1
ZCSU4271877,2
MSCU2188500,6
KKFU4720533,0
HMMU9050711,6
HLXU1854099,0
EISU1098088,1
CGMU7393977,6
MRSU9729399,0
HMMU2620522,1
EGHU5921777,6
ONEU3910111,2
CMAU2370944,2
EGHU7602922,0
MSKU7820300,2
MEDU2911822,3
HDMU3089066,0
ZIMU1901755,3
CMAU7106388,5
MSKU6347199,0
MSKU5209266,0
KKFU5048622,2
MSCU7713000,1
COSU6751555,0
MRKU6390788,5
MEDU5060699,6
MEDU1314633,0
EGHU7365022,2
HLXU4218833,4
MRKU1314999,0
MRKU7940600,0
MRSU9729311,6
MRKU3422677,3
MRSU8839211,6
ZCSU7644388,3
MEDU5562555,2
ZCSU9774966,2
ONEU5529200,6
CGMU8194199,2
KKFU2227800,1
HLXU4591977,2
ZCSU5324111,2
MSKU5878255,0
CMAU1008855,2
MSKU9513066,2
MAEU8006766,6
CGMU6734377,5
EGHU7714822,2
MRSU5458099,2
CCLU6036277,3
EISU1858533,6
MSKU4898400,0
ZIMU6567799,2
MAEU4366699,4
MSKU5136200,5
EISU9172577,4
HLCU6600855,6
MSKU5877744,5
ZIMU8192088,5
MRSU7766511,6
COSU8830977,2
ONEU1831488,0
CGMU5697799,1
ZIMU1327622,1
ZCSU8394766,0
COSU8593966,0
MAEU4801544,4
EISU4466144,0
CCLU6637688,6
COSU5622400,0
HMMU7756344,3
MAEU2966477,1
KKFU8015388,0
HMMU2742033,0
CMAU4768255,0
MSKU1310522,0
CCLU6728522,5
EGHU6745766,1
MSCU1529777,2
MSCU1256977,2
ZCSU3511022,1
CMAU8676211,5
CMAU1042511,2
COSU6875011,5
CCLU1615266,0
HLCU1735755,0
EISU1370944,0
ZIMU7489911,4
MRSU3361888,2
HLXU5279400,2
HLXU2941811,2
HLCU4937477,5
ONEU2894555,2
HMMU3175944,2
HLCU7937233,2
MSCU6874999,6
KKFU8858166,0
CGMU1900700,6
EISU7245111,2
HDMU3836322,5
KKFU4600122,6
ZIMU9377822,2
ZIMU3465199,3
KKFU5026077,2
MEDU1587999,2
EISU4861944,5
EISU3029822,2
COSU1183077,0
CCLU5943155,2
MEDU6175711,1
CMAU6624322,5
CGMU1714611,0
CGMU9674066,5
MSCU5949900,0
HLCU5369477,2
HLXU7368088,1
ONEU3143922,1
MSKU5486299,5
MRSU6675922,0
ZCSU4710488,0
ONEU6664499,4
ONEU4615800,6
HLXU7898722,6
MSCU2452199,2
MSCU4974411,1
CCLU9898299,5
MEDU5951922,5
MSCU3529133,2
EISU8456144,4
ONEU5176477,4
MRKU8425944,2
CCLU1179866,4
MRKU8425133,4
HLXU2109311,2
CCLU8878466,0
MSKU4382944,6
ZIMU5013555,2
ZCSU7456155,2
MSKU6903622,1
HLXU1872099,0
HDMU9971188,0
ZCSU5975888,0
CGMU5639955,5
EISU8754733,5
ONEU1169666,5
MAEU8472400,1
MAEU7182922,6
EGHU2411544,0
COSU7913255,2
HDMU2477388,0
MSCU9063422,0
ZCSU5333900,4
MEDU3566900,2
MAEU3625500,2
HDMU1331455,2
HMMU3873455,2
CGMU3669000,2
HLXU8094988,0
MAEU2767044,3
HDMU7196611,4
MRKU8548100,5
MSKU2330699,0
COSU6426666,6
HMMU6144044,6
EISU6279055,4
CCLU9642166,5
ZIMU7458399,1
HMMU8302088,0
MSKU1288499,6
CGMU9757388,0
CGMU8705099,0
HLCU7889644,2
CCLU7326499,1
CMAU2583477,0
EGHU1386277,1
CMAU6078088,0
MSKU3997999,2
MRKU6296466,4
MSCU1107244,3
MSKU1956333,1
CCLU4086755,0
HMMU7288277,1
MRSU9307577,1
HMMU3257188,5
MEDU6836388,0
MSCU2749288,0
ZIMU2455688,3
HLCU3912244,6
EGHU9922822,2
CMAU7493055,2
EISU5487299,2
CCLU8978077,0
MRKU1703622,1
MRSU1163988,5
COSU2076300,2
KKFU1473011,2
HDMU7580944,0
MRSU1901433,6
HLCU3744911,2
ZCSU5741222,6
HLCU3183333,5
MSKU8964300,4
HLCU4700888,2
CMAU8625166,6
HMMU5897344,1
CCLU2610644,5
CGMU6085399,3
MSCU6165677,1
HMMU2545477,1
CCLU1136300,4
COSU8987166,1
EISU3763455,1
CCLU3679377,1
MRKU4770222,0
ONEU9649333,0
CCLU4460511,2
MSKU1911511,1
MRSU7125344,0
HLXU5937877,2
MSCU2939566,2
CCLU4305144,5
CMAU1540900,6
COSU4534744,6
HLCU7390455,5
CGMU8374755,1
EGHU8372055,1
MRKU7887022,2
ZIMU7578377,4
CGMU3463888,2
ZCSU5362422,2
MRKU5367500,4
COSU4550133,2
ZCSU6237933,2
CCLU6283899,1
CGMU5945222,1
MSKU9149999,2
EISU6660111,2
COSU7228066,2
MRSU6289488,0
MAEU2397300,1
ZCSU9313533,0
MEDU6305900,0
MSKU5317911,2
ZIMU3877299,1
HMMU3084533,0
MSKU4936666,0
MRKU7275555,2
CCLU3791311,0
MRKU9184644,0
ONEU4778277,0
COSU5392611,2
MSKU4197499,3
CGMU1123311,4
ZCSU8184044,0
MAEU4863588,3
MSKU8145100,6
MRSU1596044,5
HLXU5444266,0
CCLU7326499,2
ZIMU4727099,6
MRKU4328799,2
COSU1422555,2
MAEU4989211,2
ZIMU3062022,5
ONEU3815388,6
HLXU5764577,6
EGHU6671711,2
MSCU1943799,2
MSKU1485600,2
KKFU4269011,1
HMMU3405866,1
ZIMU9285688,2
CMAU6929966,5
MSKU4079411,2
CMAU8568200,2
EISU4481466,0
MEDU3201777,2
KKFU1790544,6
ZCSU5407733,0
ZCSU7442588,2
HDMU5026322,0
MSKU9026244,0
MSKU9759299,2
CCLU5020722,6
ZIMU4608955,0
ONEU2325500,2
HMMU7469899,0
HDMU8515711,4
MRSU2310977,4
EISU3375199,0
HMMU7200422,6
COSU2494544,0
MSCU7039844,1
CGMU6284711,0
ZIMU4353033,0
ONEU5918488,1
ZCSU2067833,0
EISU1833311,1
MAEU8830522,2
CGMU9900933,4
CMAU7925077,4
MSKU5820766,5
CGMU4116933,2
HDMU1766299,3
CGMU7205244,3
HLCU3513399,0
HLXU8761544,1
MSKU8582377,6
KKFU2260522,5
HDMU1091888,0
ONEU2713388,1
EISU8417355,0
MRSU3738122,3
ZIMU2736644,2
HLXU5147966,1
ONEU1295922,1
EISU5009911,1
MRKU8662644,0
HDMU2978355,6
HLXU6226444,4
HLXU3287344,5
EGHU5219744,0
HDMU1924766,6
MSCU6963811,0
CGMU1423888,3
MSCU7788466,0
MSKU8992277,2
MSCU5382277,0
MRSU3923500,5
MSKU6420099,1
EGHU9847422,2
CMAU8260944,2
MRSU9684488,0
CCLU7647333,2
MAEU1443244,0
MSCU6785733,0
CGMU8037966,2
EGHU4283822,2
ZCSU1592700,2
MRSU3671111,2
MAEU2146066,1
ONEU6462155,1
MSKU3707611,1
ZIMU6975833,0
ONEU3236411,1
MSKU9156977,2
HLCU1921755,5
MRSU2024400,1
MRKU9863244,3
ZCSU2832888,4
ZIMU4570433,2
MSKU6191700,2
ONEU2726033,3
CGMU7393977,5
MSKU7331400,2
MAEU1675566,2
MSKU7963800,0
HDMU5395388,2
COSU1618222,2
ONEU5236144,2
EGHU2707066,0
MSCU6980244,5
CMAU1791777,0
MSKU8981488,0
CMAU3193111,0
ONEU2219922,0
MEDU8698911,0
CGMU3075644,2
MEDU3523366,6
HLCU1148944,5
HMMU2090744,2
CMAU5146100,6
ZIMU4890866,0
MSKU5722022,0
MSCU4477866,4
MEDU2246233,1
CCLU9732477,5
MRSU3092133,2
MEDU7319822,4
HMMU2641544,3
MSKU8077144,6
CMAU8341433,2
HMMU4050822,3
CCLU6837933,6
CCLU3784466,2
COSU5761266,0
COSU5847866,2
HMMU6075255,2
MAEU7809455,0
HLCU9212088,0
MEDU1301711,1
COSU5607333,1
HDMU3256633,0
MEDU2608766,5
EGHU5581844,1
HLXU5239911,1
HDMU8966755,1
MRSU6430744,6
ZIMU9892088,3
CGMU9797655,6
EISU9734522,1
MSCU5562244,0
MSKU5721933,2
ONEU1842811,2
EGHU3095700,5
EGHU8245100,0
CGMU9154400,1
KKFU9567977,6
CMAU1535144,2
EGHU1471900,1
EISU5183566,4
HMMU7773966,1
MRSU6548000,4
MSKU3154711,2
MAEU8449800,6
MRKU9541277,5
HDMU2768122,1
ZCSU7985277,0
MSCU8898344,6
EGHU6461988,0
MAEU5377499,0
MRKU3264799,0
EGHU9326100,2
MSCU4204755,2
MRSU9422822,0
HLCU1118088,3
MEDU4829011,2
KKFU6554599,4
MSCU8532577,2
EISU2336677,2
MAEU3753766,5
ZCSU3753644,4
CGMU5428344,1
MSKU9906244,2
HLCU6602622,1
MRKU5151544,0
COSU8987166,2
MEDU4020155,5
MAEU3286777,1
ZCSU4371400,0
CGMU7140144,2
EISU3954655,1
ZCSU1449322,6
MSKU2374388,2
CMAU8991322,1
MRKU4597655,2
EGHU8051099,4
HLXU2638322,1
HLCU4495777,4
CMAU7506144,5
ONEU2547544,2
EGHU6968166,3
ONEU5676922,2
MEDU4041055,0
MRKU3787733,2
MAEU1241233,6
HDMU2093677,4
MAEU2209655,3
CMAU8287055,0
MSCU9392899,6
MSKU7705677,5
ZIMU3578900,2
MSKU7594944,4
MEDU1547266,2
MSKU2960677,6
MRSU6989599,2
ONEU8920544,1
CGMU2555155,5
MSKU3565122,2
EISU2126711,2
MEDU9436788,2
MRKU1702433,5
ZCSU4932411,2
ZCSU7316000,5
CGMU2265388,1
ONEU3230444,2
MEDU9371100,2
COSU8754833,2
MRSU9980688,4
MEDU1415222,0
MEDU6269277,0
COSU3653799,0
MAEU2133233,6
MAEU1162055,5
CMAU5623400,1
HLCU3555999,2
MEDU1064699,2
ONEU6925955,2
MSCU2036777,2
ONEU6438988,0
MSKU5637944,0
ZIMU8297855,5
HLXU5588799,5
CCLU5955799,2
MAEU7865488,0
HLCU3835555,3
ZIMU1634244,6
HLXU1612388,1
MSCU9249100,2
HDMU3060633,6
MRKU5007388,1
EISU5097299,2
ONEU5014422,5
HLCU7333666,6
EISU6504833,2
MAEU4527011,2
CMAU7242211,6
MSCU4346466,0
CGMU4415700,2
MEDU5628388,0
CGMU5410188,1
HMMU8056522,6
EISU6404622,0
HDMU2036855,1
HLCU8960522,5
EGHU4042288,5
MSCU8130555,1
EISU2116955,4
MSKU2304033,2
CGMU1728800,0
HDMU8579211,2
KKFU2255911,2
MSKU5646144,0
EGHU9934344,2
HMMU4477277,0
HLCU7926200,1
MEDU3341333,0
MSCU5962455,2
MSKU4011622,0
MAEU5550511,2
CCLU7231511,0
COSU2985299,5
CMAU9314200,1
KKFU6636244,3
ONEU4242166,1
HLXU9476955,2
MRKU6599277,2
ONEU5426866,5
HMMU2868466,2
COSU2750077,2
CMAU2093855,1
MRSU5113988,1
HLCU2661155,4
MSCU8066911,2
EGHU3348599,5
ZIMU4486411,5
HDMU2976033,0
ZIMU6750700,6
MAEU6768066,0
ONEU8598099,5
HDMU1852399,6
EISU5010477,5
MSCU5348722,5
EISU9645166,6
HLCU3801433,6
KKFU1793177,2
MAEU5108300,6
CMAU5098511,2
EISU7328444,0
MRKU4574211,5
CGMU6660811,2
HMMU4436533,2
HLXU9699855,3
CCLU7543466,2
HDMU9919288,0
MSKU6442255,0
MSKU7820522,6
ZIMU1310799,6
HLXU4262066,3
MSCU8837422,1
MAEU2229555,5
MSKU4151833,2
COSU3117955,5
MEDU1681299,2
HDMU1499666,4
MSKU4312455,0
ZCSU6618744,0
EGHU1748955,6
ONEU6442433,6
CMAU2431233,0
MAEU7108133,5
EISU3682577,2
MAEU1310633,2
CGMU2842333,6
MRKU8805322,2
CGMU7393977,2
ZIMU3774788,0
MSKU6815888,0
EISU1365955,1
EISU7075922,0
ZCSU1423377,4
HDMU1891177,1
MSKU1539533,5
MAEU3429033,5
MEDU2939044,0
MRSU5095633,0
KKFU5682011,1
ZIMU2974555,0
CCLU9031822,0
ZIMU7993299,0
HLXU3835000,1
MEDU1366022,0
EISU3749288,6
HDMU5087266,1
KKFU8728400,2
MRSU3915644,3
MSCU1750899,6
HLCU2337700,0
MSCU9945799,6
MRKU3463811,0
ONEU5467111,2
CMAU8041677,5
EGHU4003844,4
MRSU3444922,1
ONEU2399699,6
KKFU7624133,1
KKFU8761600,0
MRSU2756799,5
KKFU9956055,0
MEDU7027666,0
ONEU5278644,0
HLXU8601511,6
CMAU5545800,4
MSKU5048544,2
CMAU5357200,0
MSKU7827988,2
EGHU8087022,2
ZCSU4515755,1
HMMU6761077,2
COSU8246200,2
ZIMU8434422,2
HMMU7062988,2
HLCU9534911,0
COSU5422188,2
ZIMU8458100,0
ZCSU8592166,0
CCLU1131711,2
HMMU5249366,0
CGMU3191755,5
KKFU2690866,5
MEDU2774522,2
MEDU5457000,1
CMAU2874622,4
ZIMU7730399,0
MSKU5098866,3
MRKU3066233,2
EGHU4588899,4
CCLU5522777,1
ZCSU5858488,4
MAEU3011999,0
MEDU4213999,2
MEDU3368888,0
CMAU4914177,5
MSCU6131722,0
EGHU3091400,5
EGHU7480777,2
EISU5224233,2
MSKU4627522,6
MSKU6644655,1
CMAU2891499,3
HMMU6997600,5
MSKU9823088,2
CGMU2498155,6
ZCSU6611888,2
CCLU1871444,6
MRKU6726099,0
CCLU7701422,2
MRKU5386844,0
MEDU7952922,0
MSKU6987900,0
COSU3904699,0
MEDU8356522,0
MSCU4623566,5
EGHU5547033,4
HDMU9286711,3
EISU3240877,1
ZCSU9949288,1
ONEU3313066,0
HDMU2747200,1
MSKU1526566,6
CGMU3456244,6
MSKU7938366,6
HMMU8399388,1
HMMU5514411,0
ONEU1566999,6
HMMU1884077,0
MRSU8870377,3
EISU8658155,2
HLXU4799666,6
CMAU7598533,0
MEDU3619211,1
MRSU7267511,6
MRKU9608422,5
COSU5887411,1
EISU9379377,6
HMMU3309322,1
CMAU3193111,5
HDMU6523411,1
MEDU5039033,1
ONEU5908166,5
HMMU1530011,5
CMAU8762400,3
ZIMU7599644,1
EGHU4275122,2
CMAU1735788,2
MRSU7929888,2
MAEU8058499,2
MSKU8361699,0
CCLU9399922,5
HMMU7263644,1
ZIMU2249511,0
MSKU6933544,1
CCLU3072055,1
HLCU2818666,4
ONEU7327300,2
MRSU9580288,3
EGHU9898722,0
ONEU2432200,2
MAEU9323499,1
EISU2767444,5
HDMU6968300,2
HLXU5923688,3
HMMU3431477,2
ZCSU8108799,5
COSU8184666,0
MSKU2430666,4
ONEU5894844,0
ZIMU9798477,0
ZCSU3976611,0
MSCU3729377,1
MEDU9670177,1
MAEU3441911,1
MRSU7783944,0
ZIMU8027688,2
HLXU5851588,0
CGMU5537577,3
EGHU9470200,0
MRKU1683500,2
MRSU1235800,2
CMAU9809899,2
HLXU1217300,6
KKFU6768533,5
CMAU8762400,4
CGMU8844844,2
HDMU2683422,2
MRSU1845255,2
KKFU5311611,5
HMMU9849188,0
KKFU9587177,3
ZIMU2074266,2
MSKU3049488,0
CCLU3552722,0
MSKU3053199,0
HMMU5564033,1
MRSU2881611,2
HLXU7159677,2
MSKU8432211,2
MSKU7861755,2
KKFU6063188,5
CMAU2653288,5
EGHU1780477,0
MSCU7749088,3
MSKU8143388,0
ONEU9469766,0
EGHU2443955,0
EISU7524822,0
HLCU5517600,2
ONEU1234233,1
MRSU8496644,5
EISU5776900,0
MRKU9464888,6
CMAU1460999,2
MEDU8583899,1
MRSU1363766,0
CCLU2175755,2
EISU1098088,6
EGHU8037622,2
HLCU9900033,0
KKFU9318099,0
CGMU7088766,0
EGHU1223166,5
ZIMU6728777,2
EISU7369866,2
HDMU6521088,1
MRKU4571111,2
HDMU2212599,2
ZCSU1442911,2
COSU9993299,5
HMMU6641622,0
ZCSU5439099,0
ONEU4149033,1
MAEU5765666,3
HMMU8144688,6
EGHU1349911,1
EGHU7191444,1
MRSU8272533,5
ZIMU3670733,6
MRSU4779366,0
MSCU7391655,2
COSU4257500,6
HLXU2007299,1
ONEU2219922,0
MRSU9300700,2
MSCU7292400,1
HMMU9722699,2
ONEU5043433,1
HLXU4038366,2
HDMU2382155,2
ZCSU1634899,3
HDMU2648533,0
MEDU6954755,2
MSKU8804599,6
MSKU3065744,0
MRKU1132977,0
EISU4749099,0
MSCU7579800,1
MEDU5477599,2
COSU6071999,5
CCLU4126388,3
MRSU6394799,3
HMMU7120099,0
MSKU9840688,2
ZIMU7766655,5
MSKU9788833,6
HDMU3961988,5
MEDU5628833,1
MSCU6251299,5
COSU6241266,2
CCLU5303299,2
ZIMU3450488,5
ONEU6195888,2
COSU5862088,5
HLCU3413077,2
MSKU9138144,5
HLXU7586988,1
CCLU5091255,0
EGHU2970777,2
ZCSU2724799,2
MEDU6823200,0
KKFU2701999,2
EGHU7163300,4
ZCSU9875800,4
ZCSU9094899,0
MRKU9473011,0
EISU7343199,4
MSKU6717988,0
HMMU1810099,2
ONEU2771166,2
CCLU3622444,4
EGHU1931455,2
MSCU1151555,0
EGHU8859166,4
MRKU7585099,0
MSKU7470888,0
ONEU9868688,2
HLCU3414077,1
MSCU3432566,0
EGHU9110866,2
MRSU5135500,5
HDMU5624844,2
EGHU8761300,6
HMMU2013255,5
MAEU6814188,1
EISU7075922,6
MRKU2964077,0
COSU1558144,0
KKFU4043622,2
ZCSU7923733,1
HDMU2362844,0
ONEU2713388,5
ZIMU6732877,0
HLCU3376755,2
MRSU2313766,1
MSKU7234766,0
ONEU3991411,2
MRKU1698944,6
HMMU1982922,4
HMMU1312933,5
ZCSU8215444,4
MSKU5752266,4
CMAU6384388,0
MRKU7988011,6
HLXU9635133,4
MAEU6268566,3
ONEU6681033,4
HLCU5321166,0
CCLU2921622,0
MSKU6235211,0
MSKU3184255,2
EISU3096666,0
HDMU8669022,2
MSKU3295800,6
MSKU6356288,2
MSKU5057155,2
MSKU9937322,5
MSCU3384900,0
CMAU6401899,0
EISU3222533,2
EGHU2209511,2
HLXU5324433,1
CGMU3565388,0
MSCU8612799,1
EISU2315199,6
CGMU4270377,1
ZCSU3856022,2
ZIMU8515333,5
MRSU9322333,2
EISU2930355,6
MSKU5383800,6
MSKU9757855,2
MSKU9874699,1
ONEU7993066,2
KKFU5386700,0
KKFU6208777,5
COSU5676477,6
EISU8833600,4
HMMU7085599,2
EGHU3808433,6
CMAU5208922,3
KKFU5720877,5
HMMU9627444,2
MSKU1618211,0
HLXU3846799,0
ZCSU1910055,0
HLCU1874244,2
MEDU1986777,0
HMMU1584933,2
MSKU8684099,4
ZIMU3462311,6
MSKU7793500,1
CGMU6256166,6
MRKU9493122,4
MRKU7908677,0
COSU4329444,4
HLCU9384877,6
EISU7623522,0
MEDU7358688,2
CMAU8669811,1
ONEU9596577,0
EGHU4046844,5
MSKU8457811,5
COSU5969077,0
MSKU4952000,2
MSKU2847222,6
CGMU3919966,1
MEDU1807711,0
CGMU2608266,2
HMMU6312400,1
HLCU2129888,2
HDMU2258344,2
ZCSU5688911,6
EGHU5803322,5
EGHU8169200,2
HMMU7756344,4
EISU3957044,0
HMMU3599000,2
EISU9963511,2
HDMU7400966,2
EGHU6550722,2
MRSU1326599,1
KKFU2877599,1
CMAU6206888,0
MRKU5864077,1
MSKU1603199,0
HLXU4118666,6
MSKU2106911,4
MEDU1681299,2
CGMU9587633,0
MEDU2118844,2
MEDU7858822,2
ONEU1178188,5
MEDU2156866,1
HMMU3946211,0
HLXU5908699,0
CCLU1097888,0
MRKU7711855,5
CMAU4895466,2
HMMU5168988,1
CMAU2985744,3
HLXU6316555,0
CGMU7204522,5
MEDU6660700,0
MSCU4379633,1
MSKU5282422,6
HLCU6435211,1
MSKU4454166,1
MRKU1807744,2
ONEU6951988,0
MSCU8274933,4
MRKU5329566,2
ZIMU7489911,2
CCLU2267288,1
EGHU2523166,5
HLCU8887644,5
KKFU3773400,4
COSU5081011,2
HLCU1841699,0
MAEU7764188,2
ONEU1210200,2
EGHU6521777,2
MRKU2876777,3
ZIMU1305800,0
COSU5788544,2
MRSU8104166,5
ZCSU1873188,5
MAEU1548122,2
EISU5060400,3
CCLU3865733,0
ZCSU4732211,1
MEDU1759477,6
EISU7724499,1
EGHU8225822,0
ZIMU9333488,2
MEDU7424966,2
MSKU2994077,5
HDMU7515555,0
ZIMU2169222,2
ONEU5495677,0
MRKU4949877,0
ZCSU9815800,5
HLCU8397222,1
MSKU4486655,0
MRSU1817199,0
HLXU4318344,1
EGHU3807699,2
EISU2352599,5
CGMU8529722,5
KKFU9304199,6
MSCU6794399,2
ONEU7647199,1
MAEU9429911,3
MSCU9232911,2
EGHU3268388,5
HMMU5778611,4
EGHU6479100,0
HLXU3137333,2
ONEU4988455,1
CGMU9918022,3
COSU5195333,0
CMAU9480222,0
COSU5287000,2
MSKU9446733,0
HDMU1891600,2
MRKU8984011,6
MRKU7278999,5
MRKU5995222,0
MSCU7767833,2
MSCU3835544,3
ONEU6805244,0
ZIMU7676455,6
HMMU9601055,0
HDMU8605433,0
HMMU7217333,2
ZCSU7545211,3
MSKU6967333,3
EISU3364844,2
MEDU6882988,0
CCLU1467422,5
HMMU1474033,5
ONEU4733655,0
MSKU8406999,2
EGHU9725677,2
MSKU2919811,0
HLCU1453511,2
HMMU6100855,6
MRSU5598722,0
MSKU7615866,2
MSKU3861288,2
MSKU1468277,0
MSCU1869888,1
MSKU7615799,3
CMAU1599433,5
ONEU2823733,6
HLCU8522788,0
HLCU6130444,0
MAEU7425188,5
MRSU2152122,1
CGMU2252055,1
ONEU1470433,5
MRSU6251966,3
CCLU1138533,0
HDMU9971188,3
HLCU4535599,3
MRSU3898633,0
EGHU1049866,6
EGHU7711888,1
MEDU7440722,4
ONEU8479200,5
MRSU3268011,1
HMMU6163833,5
MSKU2670455,2
ZCSU6843155,2
HMMU2116677,0
CMAU3788233,4
COSU3466099,0
CMAU4086622,0
COSU7003355,4
HDMU3802022,2
HLCU9333455,6
MRSU3138977,5
HDMU8367277,0
HMMU8648255,0
MRKU2739944,6
HMMU1251333,6
KKFU1612477,0
ZCSU3162144,0
CGMU4596011,6
EGHU8918966,0
EISU4309855,3
CGMU3501199,0
MSKU1650966,0
CGMU6876755,6
MSKU5342800,0
CCLU5404800,4
COSU4486733,2
CCLU5018622,1
CMAU4010211,2
HLCU7870544,2
MSKU9067644,1
EGHU4894188,2
MAEU4341188,3
KKFU3400822,6
KKFU2913199,2
MRSU2135600,5
ZIMU8250588,5
ZIMU2682144,6
EISU1098088,1
MRSU6265433,1
CGMU1521011,2
ZCSU8688977,5
COSU6178566,0
MSKU5510066,6
MRKU2873477,0
HLCU5191699,5
ZIMU9997244,5
ZCSU1777911,0
MRSU5925577,3
HDMU7580944,0
EISU6399911,1
HDMU8837022,0
MEDU3238122,1
MRKU6794566,0
KKFU3653555,2
ZIMU2148599,3
HLXU9360044,2
HDMU9121377,0
EGHU2088811,5
EGHU1111300,2
ZCSU7545211,0
MSCU9069711,5
COSU9257111,1
ONEU3140255,6
EISU2558088,0
ZIMU6903688,5
MSKU6282988,1
MSCU7496177,3
MRKU1062111,5
ZIMU1876422,4
EISU8658155,3
KKFU9684788,0
COSU1119855,0
MSCU2266399,3
CCLU5746599,2
CGMU9175233,6
ONEU8520111,2
KKFU5575033,5
ZIMU5592088,0
CGMU1423888,5
HLXU2600722,0
HLXU3765700,0
ONEU3406177,4
ZIMU9241811,2
COSU9100644,2
CGMU4057588,5
ZCSU2682066,2
HLCU2381766,0
HDMU6592588,4
ONEU6536944,2
EGHU7501600,3
HDMU7188344,5
EGHU6902333,2
MSKU5244977,6
EISU2438433,4
MSKU3227422,0
CMAU9556355,0
MSKU3731388,5
MSKU8461177,2
CMAU4529388,2
CMAU6523755,0
CGMU2178288,6
COSU8234855,2
MRSU6979766,3
CCLU3048644,2
COSU9826955,2
HMMU2191800,5
MRKU5200044,3
MEDU3820288,5
KKFU1961788,5
MRKU3508699,2
EISU7245111,2
MSKU8901211,6
ONEU3613322,1
MRKU2069866,2
EGHU9334944,1
ZCSU3844922,3
EISU8324288,0
COSU9347133,2
MRKU5631099,0
MSKU9502300,0
MRSU6068677,0
CCLU3420500,5
MAEU4325799,5
HLXU3855699,5
COSU8635944,5
MSKU3071588,5
COSU7001122,2
COSU4904355,6
HLXU4760233,1
COSU5914644,3
HDMU7515555,1
HLCU8802499,0
MRKU5797033,0
HLCU9679644,1
HDMU3738555,0
HDMU8766722,4
MSKU9412100,2
CMAU7739500,3
MSKU7061055,5
HLCU6455544,2
HMMU9134411,1
ONEU9352988,2
HDMU1105266,3
CGMU5580099,2
MRKU2789699,2
ONEU4985333,1
MRSU6734688,1
HMMU4717100,0
MAEU7438800,2
MSKU7367911,1
EGHU5339022,0
EISU9157555,2
MEDU4123122,1
EISU2861188,5
COSU8119900,2
MSCU8097477,4
CMAU1290633,3
MEDU1249977,0
EGHU8225822,5
MAEU5191211,5
MAEU1672866,2
ZCSU6470366,2
MRKU5475922,1
EGHU4897344,0
ZCSU5448222,0
HLXU1430055,2
EGHU4696322,6
EGHU6073100,0
ZIMU1251466,2
MSKU3170399,6
COSU5455533,2
MEDU3448677,0
MEDU3471922,1
MEDU2447944,2
ZIMU1420666,2
HDMU4065755,4
ONEU7447733,1
MSKU3492311,0
ZCSU9884855,0
HDMU4115822,1
ONEU7270500,2
MAEU5465222,0
EISU8956311,6
HLXU3550433,5
MEDU6190344,2
HLXU7848911,1
HDMU1872999,0
MRSU1967333,0
MRSU8019577,2
COSU4726633,5
KKFU1607911,0
MRKU9394855,2
KKFU2693011,5
CCLU6789000,2
MSKU3906177,4
EGHU2616044,3
HMMU3779033,0
MRSU5839722,0
MSKU6713444,0
HLCU4999277,0
MSCU7570555,2
MSKU5388755,4
ONEU5216033,5
HLXU5043077,2
ZCSU4366177,3
KKFU3125455,2
MEDU3493722,0
EGHU2539844,0
HLXU2311366,4
CMAU6337044,2
MRKU3047299,1
KKFU1864588,2
ZIMU9494355,5
MSKU4647477,1
ONEU2500000,2
ZCSU8521577,6
EGHU6475177,3
HDMU7192344,2
MSKU5895011,0
MRSU3911844,3
EGHU9449166,2
MRKU9660066,2
EISU1866522,2
HMMU7136088,6
HLCU1252166,6
MSKU9776222,0
EGHU8029888,5
MSKU7714299,0
ONEU5475322,2
CMAU6401422,2
MSKU8307300,2
HLCU1910933,2
MRKU5176188,0
MAEU5822866,4
HLXU9360044,2
MEDU2774222,2
CGMU8953800,5
CMAU1536244,1
MSCU5813355,6
KKFU3900699,0
CGMU1319144,0
MSKU8839488,2
COSU8528833,5
MRKU5062477,0
EGHU2788400,1
KKFU9411433,1
EGHU9498044,1
HMMU8839066,5
COSU2539644,0
EGHU8963677,1
CCLU1120899,5
MSCU6152211,0
CMAU7884633,2
ONEU7473177,2
EISU1396266,5
MSKU4151833,5
CGMU1490199,1
HDMU1011799,0
MEDU7263000,2
KKFU7842311,0
MSKU4957200,0
ZCSU7022844,2
ONEU9296300,2
EGHU6774000,2
CMAU4138844,0
EGHU1083822,2
MEDU9643922,0
MSKU3567144,2
MRSU5535733,2
MSKU5383800,0
MAEU5079833,0
CCLU5799188,3
EISU8225499,0
CCLU6282677,5
MRKU7089488,0
CCLU3854222,0
ZCSU2134311,6
HMMU4801788,0
KKFU4487299,6
MEDU1807711,3
MSCU4219400,0
MRKU5407955,1
HLCU8027455,0
MRKU2790088,5
MAEU8906611,1
MRKU6264933,4
MRSU8895355,2
MRKU4654988,1
MRSU5719499,2
CMAU7260466,1
MAEU7554155,3
MRSU4096300,2
EGHU3442944,1
MSKU8703477,5
MRSU9105844,2
KKFU8310155,6
EGHU4012744,1
EISU7022222,0
HLCU6726599,2
MSCU8424000,3
CCLU1808388,2
CMAU9626899,2
HLCU1874244,3
HMMU2706922,0
MSCU5267588,2
MSCU6158111,0
MAEU4111066,6
HDMU4272455,0
CCLU7697822,6
MSCU6299966,2
KKFU2195466,2
HLXU6434877,2
CCLU4946122,2
CCLU7929177,6
HDMU8512877,2
ZCSU5737577,5
MSKU7039011,5
MRKU4181877,2
EISU5846622,5
CMAU7404655,2
HDMU4392022,1
ZIMU5424055,0
MEDU7491777,6
CGMU5322022,5
COSU8418800,5
HLCU3082077,2
HLXU7265100,4
MRKU8996788,4
ZCSU1522455,5
ZCSU4395377,2
ZCSU6996100,1
CMAU8741911,2
MRSU6478333,4
COSU5325344,5
HLCU2162211,2
ZIMU8951566,4
ZIMU5745322,1
ONEU3284455,4
ZIMU2236288,1
HLCU9647866,2
EGHU4256666,2
MAEU5079833,0
HDMU5797011,2
MSKU6323144,1
EISU4603988,4
MEDU9229533,1
MSKU1256855,1
MRSU8794100,6
HLXU3683144,2
ONEU5265422,0
MEDU6255277,0
HLXU7583800,1
EISU9000188,3
ZIMU9894855,2
HDMU7514044,6
MSCU6996277,0
EISU4704222,0
CCLU4649266,2
CGMU3320000,2
COSU9680544,0
MSCU8668688,6
EGHU7099677,0
CGMU3778044,6
CCLU7481566,2
ONEU5363344,2
CGMU2480866,4
MAEU9800233,2
MRSU9116122,0
MSCU1858888,2
MAEU6023766,0
EGHU8817400,2
MSKU6970466,2
MRSU9178455,2
ZCSU6148577,6
HDMU4442088,1
EISU3362388,2
ZCSU8830200,0
MRSU8083133,2
MSKU3861288,0
EISU1493599,0
ZIMU4928288,5
HLXU4916766,6
KKFU8444844,0
MRKU8293611,2
MEDU8885166,4
MSKU6143511,2
ZIMU1191633,2
MRKU5995222,2
EGHU2124499,0
HLCU3501788,5
KKFU2983377,1
KKFU1640077,1
EISU9302166,6
MEDU4203699,0
CMAU4948155,6
MSCU8727966,5
MRKU8029500,1
KKFU6593511,2
HMMU2227333,5
HDMU6425911,5
ONEU7340333,0
MRKU1642822,5
EGHU4074266,3
MSKU2457888,1
MEDU5825766,5
MSCU7514966,2
MAEU7971833,1
HDMU1105266,2
ONEU4366433,2
EISU5275866,2
MAEU7472155,2
CCLU1111344,4
MSKU4258800,2
ZIMU9356455,2
MSKU8601211,1
MRKU7821899,2
MRSU2998555,3
CMAU4424366,6
ZCSU7590266,2
CGMU3282266,1
EISU7907300,1
EISU6080622,0
MRKU6755099,4
HMMU2188777,3
MRSU5758566,2
ONEU5481033,0
KKFU4980700,0
CCLU4362711,2
MRKU5756833,5
MSKU3677411,0
EGHU5537911,5
COSU4159777,1
HMMU7948266,2
MRSU4611700,0
EGHU8378044,2
MRKU5372522,2
MAEU6309800,5
MSKU1194711,0
EGHU4053844,2
MRSU4945277,2
KKFU6626922,1
EISU3543111,0
COSU5122555,2
COSU3633555,5
HLCU6965355,0
HLXU6278299,2
CMAU5747499,6
EGHU6322455,2
CGMU1118166,2
HDMU3726055,2
CGMU7995744,5
MSKU3084644,1
MRSU1319177,1
MSKU4702488,2
KKFU9264366,0
CCLU4753411,2
HLXU6067855,0
MRKU4706244,4
ZCSU8068611,6
MSCU4499888,5
EGHU7276100,2
CMAU2047588,5
EGHU7649722,0
EGHU4363922,3
HMMU7444088,4
HMMU1592388,5
ZCSU5562011,2
ONEU1120544,3
ZCSU4403433,2
MAEU7705799,0
CGMU1444722,1
COSU6309222,0
KKFU5199533,2
ONEU6421899,6
MRSU5897111,2
KKFU8183133,5
ZIMU4568088,1
MAEU3917399,5
MSKU8233855,5
KKFU5746744,6
CCLU2219577,1
CGMU3091366,5
CCLU7214655,2
MEDU1752233,0
ZCSU4395377,6
MEDU5140988,5
MEDU5237622,5
MAEU5255522,0
MRKU2374755,0
MSKU7228611,0
ZIMU4147899,6
CMAU7341233,0
MAEU7324500,2
CMAU8324544,0
ZIMU1743533,6
KKFU2234811,6
ONEU8130455,3
MSKU6347199,2
MSKU5025033,5
COSU7957400,2
EISU4035400,0
CCLU7484877,2
CCLU8791522,6
HLCU4216388,6
CCLU3017311,2
MRKU5801755,1
HDMU7231211,2
MEDU8397433,6
MSCU7598122,2
COSU7965222,1
MSKU2971011,3
CMAU8464266,3
ONEU2178988,2
MSKU6031844,1
MSKU6161322,0
CGMU5136099,6
HMMU9129199,1
MSKU9087911,0
CGMU5293044,1
MRKU8662644,3
KKFU6328244,2
ONEU9609666,0
MAEU8014699,0
MAEU3381700,5
CGMU6633588,0
HDMU3363477,3
EISU9502266,1
MSKU6624055,6
CMAU5635277,2
EGHU9960755,0
ZIMU2300577,1
ONEU8363388,6
CMAU4594666,3
MAEU4813700,2
EGHU9317944,2
HLCU1526233,5
MAEU5489655,6
EGHU7480933,4
MRSU6214388,0
CMAU6747399,4
EISU5060400,0
MRKU5837355,2
MSKU1080555,2
ZIMU5700233,0
ZCSU8592166,1
HDMU5805822,5
HLCU5621788,5
ZIMU5120888,0
EGHU3781277,2
HLCU1797988,1
CCLU4088088,2
MSKU3194011,5
CMAU6716611,1
MAEU9187511,0
HLCU4111233,1
ONEU5894844,0
CGMU5827255,0
MAEU2838322,0
CGMU9197866,0
EISU3375199,1
MEDU3756999,5
MSCU7992399,3
ZCSU1468266,1
HLXU5240822,4
CCLU4293488,4
MRKU5689644,6
CCLU5425099,0
EISU8592422,6
ZIMU9211766,0
ZIMU7522811,2
CCLU9039611,5
CMAU5239055,0
EISU8585866,6
HMMU3181822,1
EGHU4220077,5
MSKU2437488,0
HLCU3762911,0
ZCSU5376333,5
HMMU8468699,2
MSKU8044422,0
MSKU2697855,1
MEDU1169144,0
CGMU3320000,2
MSKU2793155,0
MEDU7002400,0
KKFU6024755,1
MRSU3034011,5
CMAU8845744,1
ZCSU3935655,1
CGMU8901466,1
ZCSU1218844,2
MEDU6949399,2
EISU3484899,2
CMAU1896022,5
EGHU6929411,2
ZCSU8657877,5
MAEU8257088,0
HMMU2817999,2
COSU8147211,0
KKFU2650100,2
HDMU1011799,1
HDMU4781655,3
ONEU4513300,2
CCLU9357222,1
HDMU5901599,1
KKFU7236244,0
MSKU2536344,2
KKFU2975433,4
MAEU9304077,0
ONEU8650455,2
EGHU2767399,2
EGHU1483177,3
CGMU6586811,3
MEDU7757255,0
COSU8119900,3
HLCU7220977,3
EISU6299788,1
MSKU1883755,1
MSKU4140966,5
MEDU2956599,1
HMMU1133166,0
ZIMU8311288,2
HDMU6335899,0
MAEU3618722,1
EISU7717899,2
ZCSU5712333,3
CCLU3279511,3
HLXU9633511,3
ZCSU5763011,6
MRSU4022600,6
KKFU2877599,6
MRKU1703622,4
MRSU9118222,4
ZCSU4352600,5
COSU3945299,0
HMMU2087055,3
MSCU6723266,2
CCLU6766911,4
MSKU3730755,6
ZCSU9030688,2
EGHU6169799,6
MAEU4573466,6
HMMU1892666,0
COSU7885399,0
EISU9504700,1
MEDU5060699,2
ZCSU2785488,1
MAEU4166455,2
MAEU5083033,0
CMAU1014488,1
MSKU9025133,0
HDMU7753099,0
HMMU8466388,0
MAEU5961900,2
MSKU7203811,0
MSKU7377444,0
EISU1113899,2
HMMU9644522,0
KKFU3054233,0
COSU9432177,0
EGHU8661566,0
ZCSU7783766,6
MRKU1086966,5
MSCU9593511,2
ONEU2932344,2
COSU6466855,3
MSKU6712455,2
EISU1488433,0
EGHU4794788,2
ZCSU6008377,2
HMMU8158911,0
MRKU2846811,5
HLXU3732777,2
MRSU7767333,2
CMAU1114455,2
CMAU6127400,6
CMAU5460299,0
HDMU7312144,5
MSKU5201166,3
ZIMU6947933,1
MRKU4654988,3
HLCU9324277,0
MEDU6037677,3
CGMU2189644,5
COSU7121955,6
ZCSU7931400,2
MEDU3281466,5
CGMU1445388,5
ZCSU9681255,0
ZIMU4443199,1
COSU6373944,6
HLCU7002355,0
EISU5637011,1
HLCU4348266,2
HLXU5984233,0
HLCU6831111,0
ZIMU8526655,0
MEDU5997877,6
CGMU6119666,2
COSU4128300,2
ZIMU7950188,1
COSU2100488,6
ONEU7327877,2
HLXU8613300,2
MEDU1249977,4
CMAU2366600,4
EISU4605188,2
ZIMU3511600,6
EGHU6636677,2
HMMU2483233,0
MAEU2259033,2
MSCU1425599,1
ZCSU4810544,5
COSU3117955,0
HMMU1048699,0
MAEU1177833,2
MSKU8366877,1
EISU7762511,2
MSKU9787344,4
EISU9527144,3
MEDU3201777,6
ZCSU2972733,3
CCLU9238366,5
MSKU5049899,2
MEDU6626599,5
EGHU3895111,4
EISU4006299,1
ZCSU7312300,1
HLXU3013211,2
CCLU3854222,3
MSKU1300544,1
MEDU6037677,2
MSKU6282988,0
HLCU1109588,4
MSKU6269122,2
EISU1854577,5
ZCSU5731399,0
MSKU7938366,3
ZCSU9534277,0
ONEU1752900,0
HDMU6451844,0
MSKU2278922,5
MSKU3774700,2
HLXU3794311,4
MRSU1401733,6
KKFU7719177,2
ZIMU1687700,2
HDMU5632011,1
MAEU3983577,2
KKFU8444844,1
ONEU4482133,1
EGHU5954022,3
MSKU9539511,1
HLXU8382666,0
MAEU7062111,2
HLXU9747633,2
KKFU3858000,6
EISU4346200,6
ONEU4492900,2
MSKU9754355,2
HLXU6722311,5
CGMU7709099,2
MSKU7940077,2
ONEU9565144,0
ZIMU8301033,2
CMAU1467255,2
MRKU6441677,5
MSKU3083166,2
EGHU2707066,1
COSU7441255,5
MSKU3368033,2
EGHU7480777,6
COSU6356122,1
ZCSU6189899,2
MAEU6117066,2
MSCU6907166,2
MSKU9363377,2
ZIMU7014844,1
HLCU8643400,2
MSKU8800977,1
MSKU6785277,4
MSKU6230244,2
MSCU4370466,1
MSKU2608200,5
CGMU1213088,2
CGMU6135333,0
MAEU4664100,5
MEDU8193599,0
ONEU3730200,0
HLCU2277088,3
ONEU7141699,2
HDMU8453933,0
CGMU3341266,2
EISU7439833,1
CGMU2938755,2
MRKU4763222,2
CCLU2694611,6
MRKU8113988,5
MAEU2738399,1
CGMU2112111,1
MRSU3769188,2
HMMU5896888,0
MRKU9145722,2
ONEU9220777,5
EISU5244299,5
MEDU9596166,6
EISU1152111,2
MRKU8880111,3
HDMU9764788,2
CMAU3145122,6
MEDU4593766,0
KKFU9926022,0
CMAU4570888,0
MEDU4750233,2
ONEU6383511,2
MRSU3292144,5
COSU9223444,2
HLXU7245999,0
HDMU3384688,0
MSCU6814288,4
ZCSU5394966,3
MSKU9653188,0
HLCU7359488,4
EISU4230777,2
KKFU6026077,6
CCLU1492622,4
MRSU1072811,0
COSU8106655,0
MRKU7908677,3
MAEU2334933,0
MRKU9240677,5
MRSU7766511,2
MAEU6113844,1
HDMU7774755,5
EISU4920433,6
MRSU1161155,5
MRKU6320300,1
MAEU2133233,2
MRKU3514155,5
MSCU9969866,4
EGHU3758999,1
MRKU1737000,0
HLXU9837966,6
KKFU2393555,0
ZIMU1602600,2
MRKU6229244,0
CGMU8448766,1
KKFU6942988,2
MAEU8260311,1
HLXU9912344,3
COSU9257111,6
HLXU9380700,0
KKFU4977777,0
HLCU3892000,1
ONEU2108544,2
CCLU8077911,2
ZCSU3882444,0
ZCSU3388844,2
KKFU5982711,1
MAEU1162055,1
ONEU8361011,2
CCLU6770477,0
KKFU2999688,1
MRKU7436688,6
MSKU5226277,0
CMAU8826822,3
HLCU8988888,4
ONEU1296588,5
MSKU9993944,5
HLXU4098999,0
MRSU6781755,0
ONEU2794499,1
HMMU3626755,5
EISU2189999,0
KKFU1550811,5
EGHU6243911,0
MRKU9007666,5
KKFU2408500,6
CCLU2992244,4
MSKU5686833,2
CMAU4824166,2
MSCU8600711,4
EGHU6388677,4
HLCU3510522,5
ZCSU8254855,0
MRKU5973499,0
EISU8875144,3
CCLU6332544,5
ZCSU7640288,1
HDMU7937500,2
EISU9715133,5
ZCSU2008655,2
MAEU7727688,1
MRSU3001844,0
MRKU1840533,3
MEDU9041022,5
HDMU3717899,2
HLXU6770033,4
EGHU3647255,0
CCLU4639200,6
HDMU6360899,2
ONEU5553999,0
MRKU8851566,5
MAEU1597955,4
CGMU1426288,0
HMMU9187077,2
HLXU8225511,2
EISU6646766,0
KKFU5805933,0
CMAU7077055,0
ONEU1745911,3
MRSU5202655,0
ZIMU8702844,1
MEDU4562388,6
CGMU2196355,2
MSCU2771811,1
KKFU1049477,0
MAEU6031222,2
EGHU3705644,2
EGHU2403666,2
MSKU9902133,0
HMMU8568200,2
MRSU4799599,4
MRSU3048311,2
MRKU4016622,0
MSKU1801944,4
HDMU1509044,0
MSKU3935400,1
MSKU3628899,2
ZCSU7402799,5
ONEU9927788,4
CCLU7272811,1
HLXU7889088,0
