date,hour,gate_throughput_hr,peak_hour_flag
2025-01-01,6,6,1
2025-01-01,7,2,0
2025-01-01,8,2,0
2025-01-01,10,1,0
2025-01-01,11,1,0
2025-01-01,12,1,0
2025-01-01,13,2,0
2025-01-01,14,3,0
2025-01-01,16,1,0
2025-01-01,17,2,0
2025-01-02,3,1,0
2025-01-02,5,3,0
2025-01-02,6,4,1
2025-01-02,7,6,1
2025-01-02,8,1,0
2025-01-02,9,3,0
2025-01-02,10,4,1
2025-01-02,11,2,0
2025-01-02,12,2,0
2025-01-02,13,3,0
2025-01-02,14,2,0
2025-01-02,15,2,0
2025-01-02,16,1,0
2025-01-02,17,2,0
2025-01-02,18,1,0
2025-01-02,22,1,0
2025-01-02,23,1,0
2025-01-03,2,1,0
2025-01-03,3,1,0
2025-01-03,6,1,0
2025-01-03,7,1,0
2025-01-03,8,1,0
2025-01-03,10,4,1
2025-01-03,11,2,0
2025-01-03,12,2,0
2025-01-03,14,2,0
2025-01-03,15,2,0
2025-01-03,17,2,0
2025-01-03,20,1,0
2025-01-03,21,2,0
2025-01-03,22,1,0
2025-01-04,0,1,0
2025-01-04,1,2,0
2025-01-04,4,1,0
2025-01-04,6,1,0
2025-01-04,9,1,0
2025-01-04,11,4,1
2025-01-04,13,2,0
2025-01-04,14,1,0
2025-01-04,15,1,0
2025-01-04,16,1,0
2025-01-04,17,1,0
2025-01-04,18,1,0
2025-01-04,20,1,0
2025-01-04,21,1,0
2025-01-05,2,1,0
2025-01-05,3,1,0
2025-01-05,5,1,0
2025-01-05,6,1,0
2025-01-05,8,2,0
2025-01-05,9,2,0
2025-01-05,10,2,0
2025-01-05,11,1,0
2025-01-05,14,2,0
2025-01-05,16,2,0
2025-01-05,17,1,0
2025-01-05,18,1,0
2025-01-05,19,1,0
2025-01-05,22,1,0
2025-01-05,23,1,0
2025-01-06,0,3,0
2025-01-06,1,1,0
2025-01-06,2,4,1
2025-01-06,4,2,0
2025-01-06,6,5,1
2025-01-06,7,7,1
2025-01-06,8,7,1
2025-01-06,9,8,1
2025-01-06,10,7,1
2025-01-06,11,3,0
2025-01-06,12,2,0
2025-01-06,13,6,1
2025-01-06,14,6,1
2025-01-06,15,7,1
2025-01-06,16,3,0
2025-01-06,17,3,0
2025-01-06,18,4,1
2025-01-06,19,2,0
2025-01-06,20,2,0
2025-01-06,22,1,0
2025-01-06,23,1,0
2025-01-07,0,1,0
2025-01-07,1,1,0
2025-01-07,2,2,0
2025-01-07,3,1,0
2025-01-07,5,1,0
2025-01-07,6,1,0
2025-01-07,7,1,0
2025-01-07,8,8,1
2025-01-07,9,5,1
2025-01-07,10,3,0
2025-01-07,11,1,0
2025-01-07,12,7,1
2025-01-07,13,4,1
2025-01-07,14,4,1
2025-01-07,15,1,0
2025-01-07,16,6,1
2025-01-07,17,2,0
2025-01-07,18,3,0
2025-01-07,19,2,0
2025-01-07,20,2,0
2025-01-07,22,1,0
2025-01-07,23,2,0
2025-01-08,0,2,0
2025-01-08,3,3,0
2025-01-08,5,2,0
2025-01-08,6,2,0
2025-01-08,7,3,0
2025-01-08,8,3,0
2025-01-08,9,2,0
2025-01-08,10,4,1
2025-01-08,11,4,1
2025-01-08,12,2,0
2025-01-08,13,2,0
2025-01-08,14,2,0
2025-01-08,15,3,0
2025-01-08,16,2,0
2025-01-08,17,2,0
2025-01-08,19,1,0
2025-01-08,20,4,1
2025-01-08,21,1,0
2025-01-08,22,2,0
2025-01-08,23,1,0
2025-01-09,0,3,0
2025-01-09,1,3,0
2025-01-09,2,3,0
2025-01-09,3,1,0
2025-01-09,5,2,0
2025-01-09,6,1,0
2025-01-09,7,5,1
2025-01-09,8,4,1
2025-01-09,9,3,0
2025-01-09,10,3,0
2025-01-09,11,3,0
2025-01-09,12,3,0
2025-01-09,13,4,1
2025-01-09,14,4,1
2025-01-09,15,3,0
2025-01-09,17,1,0
2025-01-09,18,2,0
2025-01-09,19,1,0
2025-01-09,20,1,0
2025-01-09,21,5,1
2025-01-09,22,2,0
2025-01-09,23,1,0
2025-01-10,1,1,0
2025-01-10,2,1,0
2025-01-10,3,1,0
2025-01-10,4,1,0
2025-01-10,5,2,0
2025-01-10,6,4,1
2025-01-10,7,1,0
2025-01-10,8,4,1
2025-01-10,9,7,1
2025-01-10,10,2,0
2025-01-10,11,3,0
2025-01-10,12,2,0
2025-01-10,13,2,0
2025-01-10,14,1,0
2025-01-10,15,2,0
2025-01-10,16,3,0
2025-01-10,17,1,0
2025-01-10,18,2,0
2025-01-10,19,2,0
2025-01-10,20,2,0
2025-01-10,21,1,0
2025-01-10,22,1,0
2025-01-10,23,3,0
2025-01-11,1,3,0
2025-01-11,2,2,0
2025-01-11,4,3,0
2025-01-11,5,1,0
2025-01-11,6,2,0
2025-01-11,8,2,0
2025-01-11,10,2,0
2025-01-11,11,2,0
2025-01-11,12,2,0
2025-01-11,14,2,0
2025-01-11,15,2,0
2025-01-11,16,1,0
2025-01-11,17,1,0
2025-01-11,18,1,0
2025-01-11,19,1,0
2025-01-11,20,3,0
2025-01-11,21,2,0
2025-01-11,22,2,0
2025-01-12,0,2,0
2025-01-12,1,2,0
2025-01-12,3,1,0
2025-01-12,5,2,0
2025-01-12,6,3,0
2025-01-12,7,2,0
2025-01-12,8,3,0
2025-01-12,9,1,0
2025-01-12,13,3,0
2025-01-12,14,1,0
2025-01-12,15,3,0
2025-01-12,16,4,1
2025-01-12,17,1,0
2025-01-12,18,1,0
2025-01-12,20,1,0
2025-01-12,21,1,0
2025-01-12,23,3,0
2025-01-13,0,2,0
2025-01-13,1,3,0
2025-01-13,2,2,0
2025-01-13,3,1,0
2025-01-13,5,1,0
2025-01-13,6,2,0
2025-01-13,7,9,1
2025-01-13,8,6,1
2025-01-13,9,4,1
2025-01-13,10,7,1
2025-01-13,11,4,1
2025-01-13,12,6,1
2025-01-13,13,4,1
2025-01-13,14,2,0
2025-01-13,15,4,1
2025-01-13,16,4,1
2025-01-13,17,2,0
2025-01-13,18,1,0
2025-01-13,19,1,0
2025-01-13,20,1,0
2025-01-13,21,1,0
2025-01-13,22,3,0
2025-01-13,23,1,0
2025-01-14,0,1,0
2025-01-14,3,1,0
2025-01-14,4,1,0
2025-01-14,5,1,0
2025-01-14,6,2,0
2025-01-14,7,2,0
2025-01-14,8,2,0
2025-01-14,9,4,1
2025-01-14,10,3,0
2025-01-14,11,4,1
2025-01-14,12,1,0
2025-01-14,13,8,1
2025-01-14,14,3,0
2025-01-14,15,5,1
2025-01-14,16,2,0
2025-01-14,17,4,1
2025-01-14,18,1,0
2025-01-14,20,2,0
2025-01-14,21,3,0
2025-01-14,22,1,0
2025-01-14,23,1,0
2025-01-15,0,2,0
2025-01-15,1,1,0
2025-01-15,2,3,0
2025-01-15,3,3,0
2025-01-15,5,1,0
2025-01-15,6,1,0
2025-01-15,7,1,0
2025-01-15,9,5,1
2025-01-15,10,3,0
2025-01-15,11,6,1
2025-01-15,12,3,0
2025-01-15,13,2,0
2025-01-15,14,2,0
2025-01-15,15,4,1
2025-01-15,16,3,0
2025-01-15,17,1,0
2025-01-15,18,1,0
2025-01-15,19,1,0
2025-01-15,21,2,0
2025-01-15,22,5,1
2025-01-15,23,3,0
2025-01-16,2,1,0
2025-01-16,3,3,0
2025-01-16,4,2,0
2025-01-16,5,2,0
2025-01-16,6,2,0
2025-01-16,7,6,1
2025-01-16,8,3,0
2025-01-16,9,6,1
2025-01-16,10,3,0
2025-01-16,11,4,1
2025-01-16,13,5,1
2025-01-16,14,1,0
2025-01-16,15,1,0
2025-01-16,16,5,1
2025-01-16,17,1,0
2025-01-16,18,2,0
2025-01-16,20,4,1
2025-01-16,21,1,0
2025-01-16,22,1,0
2025-01-16,23,1,0
2025-01-17,0,2,0
2025-01-17,3,1,0
2025-01-17,5,1,0
2025-01-17,6,4,1
2025-01-17,7,5,1
2025-01-17,8,2,0
2025-01-17,10,1,0
2025-01-17,11,4,1
2025-01-17,12,6,1
2025-01-17,13,3,0
2025-01-17,14,7,1
2025-01-17,15,6,1
2025-01-17,16,3,0
2025-01-17,17,1,0
2025-01-17,18,1,0
2025-01-17,19,1,0
2025-01-17,20,3,0
2025-01-17,21,1,0
2025-01-17,22,1,0
2025-01-17,23,1,0
2025-01-18,0,2,0
2025-01-18,3,1,0
2025-01-18,4,1,0
2025-01-18,6,4,1
2025-01-18,7,2,0
2025-01-18,8,1,0
2025-01-18,9,4,1
2025-01-18,10,2,0
2025-01-18,11,1,0
2025-01-18,12,2,0
2025-01-18,13,2,0
2025-01-18,14,1,0
2025-01-18,15,1,0
2025-01-18,16,1,0
2025-01-18,17,1,0
2025-01-18,18,1,0
2025-01-18,20,2,0
2025-01-18,21,2,0
2025-01-18,22,2,0
2025-01-18,23,2,0
2025-01-19,0,1,0
2025-01-19,3,2,0
2025-01-19,6,2,0
2025-01-19,7,4,1
2025-01-19,8,3,0
2025-01-19,10,4,1
2025-01-19,12,3,0
2025-01-19,13,2,0
2025-01-19,14,2,0
2025-01-19,15,1,0
2025-01-19,19,2,0
2025-01-19,21,1,0
2025-01-19,23,2,0
2025-01-20,0,1,0
2025-01-20,1,3,0
2025-01-20,2,2,0
2025-01-20,3,2,0
2025-01-20,4,1,0
2025-01-20,6,4,1
2025-01-20,7,12,1
2025-01-20,8,8,1
2025-01-20,9,8,1
2025-01-20,10,5,1
2025-01-20,11,5,1
2025-01-20,12,9,1
2025-01-20,13,7,1
2025-01-20,14,10,1
2025-01-20,15,4,1
2025-01-20,16,7,1
2025-01-20,17,4,1
2025-01-20,18,2,0
2025-01-20,19,3,0
2025-01-20,20,3,0
2025-01-20,21,2,0
2025-01-20,22,5,1
2025-01-20,23,2,0
2025-01-21,0,2,0
2025-01-21,2,3,0
2025-01-21,3,1,0
2025-01-21,4,1,0
2025-01-21,5,1,0
2025-01-21,6,3,0
2025-01-21,7,4,1
2025-01-21,8,3,0
2025-01-21,9,1,0
2025-01-21,10,4,1
2025-01-21,11,4,1
2025-01-21,12,2,0
2025-01-21,13,5,1
2025-01-21,14,1,0
2025-01-21,15,4,1
2025-01-21,16,4,1
2025-01-21,17,2,0
2025-01-21,18,1,0
2025-01-21,20,1,0
2025-01-21,22,1,0
2025-01-22,0,2,0
2025-01-22,1,4,1
2025-01-22,2,3,0
2025-01-22,3,2,0
2025-01-22,5,1,0
2025-01-22,6,1,0
2025-01-22,7,7,1
2025-01-22,8,5,1
2025-01-22,9,2,0
2025-01-22,10,3,0
2025-01-22,11,2,0
2025-01-22,12,7,1
2025-01-22,13,4,1
2025-01-22,14,1,0
2025-01-22,15,2,0
2025-01-22,16,1,0
2025-01-22,17,5,1
2025-01-22,18,3,0
2025-01-22,19,2,0
2025-01-22,21,4,1
2025-01-22,22,6,1
2025-01-22,23,1,0
2025-01-23,1,1,0
2025-01-23,2,1,0
2025-01-23,3,5,1
2025-01-23,4,2,0
2025-01-23,5,3,0
2025-01-23,6,4,1
2025-01-23,7,2,0
2025-01-23,8,6,1
2025-01-23,9,1,0
2025-01-23,10,2,0
2025-01-23,11,5,1
2025-01-23,12,3,0
2025-01-23,13,3,0
2025-01-23,14,6,1
2025-01-23,15,3,0
2025-01-23,16,3,0
2025-01-23,17,4,1
2025-01-23,18,1,0
2025-01-23,19,2,0
2025-01-23,20,3,0
2025-01-23,22,5,1
2025-01-24,2,1,0
2025-01-24,3,2,0
2025-01-24,5,2,0
2025-01-24,6,3,0
2025-01-24,7,2,0
2025-01-24,8,4,1
2025-01-24,9,4,1
2025-01-24,10,4,1
2025-01-24,11,1,0
2025-01-24,12,5,1
2025-01-24,13,5,1
2025-01-24,14,5,1
2025-01-24,15,4,1
2025-01-24,16,1,0
2025-01-24,17,1,0
2025-01-24,18,3,0
2025-01-24,19,1,0
2025-01-24,20,2,0
2025-01-24,21,2,0
2025-01-24,22,3,0
2025-01-25,0,1,0
2025-01-25,1,1,0
2025-01-25,2,3,0
2025-01-25,3,2,0
2025-01-25,5,3,0
2025-01-25,6,1,0
2025-01-25,7,1,0
2025-01-25,8,3,0
2025-01-25,9,2,0
2025-01-25,10,2,0
2025-01-25,11,3,0
2025-01-25,12,4,1
2025-01-25,13,2,0
2025-01-25,14,4,1
2025-01-25,15,1,0
2025-01-25,17,1,0
2025-01-25,19,1,0
2025-01-25,21,1,0
2025-01-25,22,2,0
2025-01-25,23,2,0
2025-01-26,0,2,0
2025-01-26,1,2,0
2025-01-26,3,2,0
2025-01-26,4,2,0
2025-01-26,6,3,0
2025-01-26,8,1,0
2025-01-26,9,1,0
2025-01-26,10,2,0
2025-01-26,12,4,1
2025-01-26,13,1,0
2025-01-26,15,2,0
2025-01-26,16,3,0
2025-01-26,20,1,0
2025-01-26,21,1,0
2025-01-26,22,1,0
2025-01-27,1,5,1
2025-01-27,2,3,0
2025-01-27,3,3,0
2025-01-27,4,2,0
2025-01-27,5,4,1
2025-01-27,6,5,1
2025-01-27,7,9,1
2025-01-27,8,8,1
2025-01-27,9,9,1
2025-01-27,10,6,1
2025-01-27,11,4,1
2025-01-27,12,6,1
2025-01-27,13,2,0
2025-01-27,14,3,0
2025-01-27,16,4,1
2025-01-27,17,4,1
2025-01-27,18,2,0
2025-01-27,19,2,0
2025-01-27,20,2,0
2025-01-27,21,1,0
2025-01-27,22,2,0
2025-01-27,23,1,0
2025-01-28,2,1,0
2025-01-28,3,2,0
2025-01-28,4,1,0
2025-01-28,5,1,0
2025-01-28,6,2,0
2025-01-28,7,2,0
2025-01-28,8,1,0
2025-01-28,9,3,0
2025-01-28,10,2,0
2025-01-28,11,4,1
2025-01-28,12,2,0
2025-01-28,13,3,0
2025-01-28,14,1,0
2025-01-28,15,4,1
2025-01-28,16,2,0
2025-01-28,17,1,0
2025-01-28,21,3,0
2025-01-28,22,1,0
2025-01-28,23,2,0
2025-01-29,2,2,0
2025-01-29,4,2,0
2025-01-29,5,4,1
2025-01-29,6,2,0
2025-01-29,7,3,0
2025-01-29,8,7,1
2025-01-29,9,1,0
2025-01-29,10,8,1
2025-01-29,11,2,0
2025-01-29,12,2,0
2025-01-29,13,1,0
2025-01-29,14,3,0
2025-01-29,15,1,0
2025-01-29,16,5,1
2025-01-29,17,1,0
2025-01-29,22,2,0
2025-01-29,23,3,0
2025-01-30,0,1,0
2025-01-30,1,2,0
2025-01-30,2,1,0
2025-01-30,3,2,0
2025-01-30,4,1,0
2025-01-30,5,1,0
2025-01-30,6,5,1
2025-01-30,7,2,0
2025-01-30,8,3,0
2025-01-30,9,6,1
2025-01-30,10,3,0
2025-01-30,11,2,0
2025-01-30,12,3,0
2025-01-30,13,4,1
2025-01-30,15,3,0
2025-01-30,16,7,1
2025-01-30,17,1,0
2025-01-30,18,1,0
2025-01-30,19,3,0
2025-01-30,20,4,1
2025-01-30,21,1,0
2025-01-30,22,3,0
2025-01-30,23,2,0
2025-01-31,0,1,0
2025-01-31,2,1,0
2025-01-31,3,1,0
2025-01-31,4,2,0
2025-01-31,5,3,0
2025-01-31,6,4,1
2025-01-31,7,5,1
2025-01-31,8,4,1
2025-01-31,9,1,0
2025-01-31,10,6,1
2025-01-31,11,5,1
2025-01-31,12,4,1
2025-01-31,13,8,1
2025-01-31,14,7,1
2025-01-31,15,4,1
2025-01-31,16,3,0
2025-01-31,17,1,0
2025-01-31,18,2,0
2025-01-31,19,2,0
2025-01-31,22,1,0
2025-01-31,23,2,0
2025-02-01,0,1,0
2025-02-01,1,1,0
2025-02-01,2,1,0
2025-02-01,3,2,0
2025-02-01,4,1,0
2025-02-01,5,3,0
2025-02-01,6,4,1
2025-02-01,7,2,0
2025-02-01,8,1,0
2025-02-01,9,3,0
2025-02-01,10,2,0
2025-02-01,11,1,0
2025-02-01,12,2,0
2025-02-01,13,1,0
2025-02-01,14,1,0
2025-02-01,15,3,0
2025-02-01,16,2,0
2025-02-01,17,1,0
2025-02-01,18,4,1
2025-02-01,19,3,0
2025-02-01,20,1,0
2025-02-01,21,2,0
2025-02-01,23,2,0
2025-02-02,3,1,0
2025-02-02,4,2,0
2025-02-02,5,1,0
2025-02-02,6,1,0
2025-02-02,7,2,0
2025-02-02,8,2,0
2025-02-02,9,3,0
2025-02-02,10,5,1
2025-02-02,11,1,0
2025-02-02,12,2,0
2025-02-02,13,2,0
2025-02-02,14,4,1
2025-02-02,15,1,0
2025-02-02,16,1,0
2025-02-02,17,1,0
2025-02-02,19,2,0
2025-02-02,20,4,1
2025-02-02,22,1,0
2025-02-03,0,3,0
2025-02-03,1,1,0
2025-02-03,2,2,0
2025-02-03,3,2,0
2025-02-03,4,1,0
2025-02-03,5,1,0
2025-02-03,6,5,1
2025-02-03,7,3,0
2025-02-03,8,6,1
2025-02-03,9,7,1
2025-02-03,10,8,1
2025-02-03,11,7,1
2025-02-03,12,8,1
2025-02-03,13,10,1
2025-02-03,14,6,1
2025-02-03,15,6,1
2025-02-03,16,5,1
2025-02-03,17,6,1
2025-02-03,18,2,0
2025-02-03,19,1,0
2025-02-03,21,1,0
2025-02-03,23,1,0
2025-02-04,3,2,0
2025-02-04,4,1,0
2025-02-04,5,1,0
2025-02-04,6,3,0
2025-02-04,7,4,1
2025-02-04,8,5,1
2025-02-04,9,6,1
2025-02-04,10,5,1
2025-02-04,11,7,1
2025-02-04,12,1,0
2025-02-04,13,3,0
2025-02-04,14,2,0
2025-02-04,15,1,0
2025-02-04,16,3,0
2025-02-04,18,1,0
2025-02-04,21,2,0
2025-02-04,23,3,0
2025-02-05,0,1,0
2025-02-05,1,2,0
2025-02-05,2,1,0
2025-02-05,3,3,0
2025-02-05,5,2,0
2025-02-05,6,3,0
2025-02-05,7,4,1
2025-02-05,9,2,0
2025-02-05,10,5,1
2025-02-05,11,6,1
2025-02-05,12,4,1
2025-02-05,13,4,1
2025-02-05,14,2,0
2025-02-05,15,1,0
2025-02-05,16,3,0
2025-02-05,18,2,0
2025-02-05,19,2,0
2025-02-05,20,4,1
2025-02-05,21,3,0
2025-02-05,22,3,0
2025-02-05,23,5,1
2025-02-06,0,3,0
2025-02-06,1,3,0
2025-02-06,2,1,0
2025-02-06,3,2,0
2025-02-06,4,1,0
2025-02-06,5,3,0
2025-02-06,6,3,0
2025-02-06,7,7,1
2025-02-06,8,5,1
2025-02-06,9,3,0
2025-02-06,10,2,0
2025-02-06,11,2,0
2025-02-06,12,3,0
2025-02-06,13,1,0
2025-02-06,14,2,0
2025-02-06,15,6,1
2025-02-06,16,4,1
2025-02-06,17,2,0
2025-02-06,18,2,0
2025-02-06,19,2,0
2025-02-06,20,1,0
2025-02-06,21,2,0
2025-02-06,22,1,0
2025-02-06,23,3,0
2025-02-07,0,4,1
2025-02-07,2,1,0
2025-02-07,4,3,0
2025-02-07,5,1,0
2025-02-07,6,6,1
2025-02-07,7,4,1
2025-02-07,8,9,1
2025-02-07,9,6,1
2025-02-07,10,5,1
2025-02-07,11,2,0
2025-02-07,12,3,0
2025-02-07,13,2,0
2025-02-07,14,6,1
2025-02-07,15,2,0
2025-02-07,16,2,0
2025-02-07,17,6,1
2025-02-07,18,4,1
2025-02-07,19,3,0
2025-02-07,20,1,0
2025-02-07,21,1,0
2025-02-07,22,2,0
2025-02-08,0,2,0
2025-02-08,1,3,0
2025-02-08,2,2,0
2025-02-08,3,3,0
2025-02-08,4,1,0
2025-02-08,5,2,0
2025-02-08,6,1,0
2025-02-08,7,2,0
2025-02-08,8,2,0
2025-02-08,9,2,0
2025-02-08,10,2,0
2025-02-08,11,1,0
2025-02-08,12,2,0
2025-02-08,13,2,0
2025-02-08,14,2,0
2025-02-08,15,1,0
2025-02-08,16,3,0
2025-02-08,19,1,0
2025-02-08,20,2,0
2025-02-08,21,2,0
2025-02-09,0,1,0
2025-02-09,1,1,0
2025-02-09,3,1,0
2025-02-09,6,2,0
2025-02-09,7,1,0
2025-02-09,8,1,0
2025-02-09,9,3,0
2025-02-09,10,2,0
2025-02-09,13,1,0
2025-02-09,14,1,0
2025-02-09,15,3,0
2025-02-09,16,2,0
2025-02-09,17,2,0
2025-02-09,18,1,0
2025-02-09,19,2,0
2025-02-09,20,1,0
2025-02-09,21,1,0
2025-02-09,22,2,0
2025-02-10,0,2,0
2025-02-10,1,3,0
2025-02-10,2,3,0
2025-02-10,4,2,0
2025-02-10,5,2,0
2025-02-10,6,9,1
2025-02-10,7,7,1
2025-02-10,8,8,1
2025-02-10,9,8,1
2025-02-10,10,12,1
2025-02-10,11,7,1
2025-02-10,12,6,1
2025-02-10,13,6,1
2025-02-10,14,3,0
2025-02-10,15,2,0
2025-02-10,16,2,0
2025-02-10,17,5,1
2025-02-10,18,1,0
2025-02-10,19,3,0
2025-02-10,20,2,0
2025-02-10,22,4,1
2025-02-10,23,1,0
2025-02-11,1,5,1
2025-02-11,2,2,0
2025-02-11,3,2,0
2025-02-11,4,1,0
2025-02-11,5,3,0
2025-02-11,6,2,0
2025-02-11,7,3,0
2025-02-11,8,6,1
2025-02-11,9,6,1
2025-02-11,10,4,1
2025-02-11,11,6,1
2025-02-11,12,6,1
2025-02-11,13,5,1
2025-02-11,14,6,1
2025-02-11,15,2,0
2025-02-11,16,1,0
2025-02-11,17,2,0
2025-02-11,18,1,0
2025-02-11,19,4,1
2025-02-11,20,1,0
2025-02-11,21,2,0
2025-02-11,22,2,0
2025-02-11,23,2,0
2025-02-12,0,1,0
2025-02-12,1,2,0
2025-02-12,2,4,1
2025-02-12,3,2,0
2025-02-12,4,1,0
2025-02-12,5,1,0
2025-02-12,6,4,1
2025-02-12,7,5,1
2025-02-12,8,5,1
2025-02-12,9,4,1
2025-02-12,10,1,0
2025-02-12,11,2,0
2025-02-12,12,5,1
2025-02-12,13,2,0
2025-02-12,14,4,1
2025-02-12,15,1,0
2025-02-12,16,5,1
2025-02-12,17,6,1
2025-02-12,18,5,1
2025-02-12,19,1,0
2025-02-12,20,3,0
2025-02-12,21,2,0
2025-02-12,23,2,0
2025-02-13,0,3,0
2025-02-13,1,1,0
2025-02-13,2,2,0
2025-02-13,4,1,0
2025-02-13,5,1,0
2025-02-13,6,5,1
2025-02-13,7,2,0
2025-02-13,8,6,1
2025-02-13,9,4,1
2025-02-13,10,4,1
2025-02-13,11,8,1
2025-02-13,12,4,1
2025-02-13,13,3,0
2025-02-13,14,2,0
2025-02-13,15,3,0
2025-02-13,16,4,1
2025-02-13,17,4,1
2025-02-13,18,1,0
2025-02-13,19,1,0
2025-02-13,20,1,0
2025-02-13,21,1,0
2025-02-13,23,3,0
2025-02-14,0,1,0
2025-02-14,2,1,0
2025-02-14,5,3,0
2025-02-14,6,2,0
2025-02-14,7,8,1
2025-02-14,8,4,1
2025-02-14,9,3,0
2025-02-14,10,4,1
2025-02-14,11,3,0
2025-02-14,12,2,0
2025-02-14,13,5,1
2025-02-14,14,3,0
2025-02-14,15,2,0
2025-02-14,16,3,0
2025-02-14,17,2,0
2025-02-14,21,4,1
2025-02-14,22,4,1
2025-02-14,23,2,0
2025-02-15,0,1,0
2025-02-15,1,2,0
2025-02-15,3,2,0
2025-02-15,4,2,0
2025-02-15,5,2,0
2025-02-15,6,2,0
2025-02-15,7,2,0
2025-02-15,8,2,0
2025-02-15,9,2,0
2025-02-15,10,3,0
2025-02-15,11,4,1
2025-02-15,12,5,1
2025-02-15,13,2,0
2025-02-15,14,2,0
2025-02-15,15,3,0
2025-02-15,16,1,0
2025-02-15,17,1,0
2025-02-15,22,4,1
2025-02-15,23,1,0
2025-02-16,0,1,0
2025-02-16,1,1,0
2025-02-16,2,3,0
2025-02-16,3,3,0
2025-02-16,5,2,0
2025-02-16,6,2,0
2025-02-16,7,2,0
2025-02-16,8,1,0
2025-02-16,9,1,0
2025-02-16,10,1,0
2025-02-16,11,2,0
2025-02-16,12,4,1
2025-02-16,13,3,0
2025-02-16,14,4,1
2025-02-16,15,1,0
2025-02-16,16,1,0
2025-02-16,17,1,0
2025-02-16,19,1,0
2025-02-16,20,2,0
2025-02-16,21,1,0
2025-02-16,22,1,0
2025-02-17,1,5,1
2025-02-17,2,2,0
2025-02-17,3,2,0
2025-02-17,4,2,0
2025-02-17,5,3,0
2025-02-17,6,7,1
2025-02-17,7,9,1
2025-02-17,8,15,1
2025-02-17,9,9,1
2025-02-17,10,4,1
2025-02-17,11,7,1
2025-02-17,12,6,1
2025-02-17,13,7,1
2025-02-17,14,9,1
2025-02-17,15,7,1
2025-02-17,16,3,0
2025-02-17,17,4,1
2025-02-17,18,2,0
2025-02-17,19,1,0
2025-02-17,20,6,1
2025-02-17,21,3,0
2025-02-17,23,2,0
2025-02-18,0,1,0
2025-02-18,1,2,0
2025-02-18,2,2,0
2025-02-18,4,3,0
2025-02-18,5,1,0
2025-02-18,6,3,0
2025-02-18,7,8,1
2025-02-18,8,1,0
2025-02-18,9,6,1
2025-02-18,10,2,0
2025-02-18,11,1,0
2025-02-18,12,3,0
2025-02-18,13,7,1
2025-02-18,14,3,0
2025-02-18,15,1,0
2025-02-18,16,4,1
2025-02-18,18,1,0
2025-02-18,22,1,0
2025-02-19,0,2,0
2025-02-19,1,2,0
2025-02-19,3,1,0
2025-02-19,4,1,0
2025-02-19,5,2,0
2025-02-19,6,3,0
2025-02-19,7,5,1
2025-02-19,8,4,1
2025-02-19,9,2,0
2025-02-19,10,4,1
2025-02-19,11,4,1
2025-02-19,12,3,0
2025-02-19,13,1,0
2025-02-19,14,4,1
2025-02-19,15,6,1
2025-02-19,16,1,0
2025-02-19,18,3,0
2025-02-19,19,2,0
2025-02-19,20,3,0
2025-02-19,22,3,0
2025-02-19,23,1,0
2025-02-20,0,1,0
2025-02-20,1,1,0
2025-02-20,3,6,1
2025-02-20,4,4,1
2025-02-20,5,2,0
2025-02-20,6,3,0
2025-02-20,7,6,1
2025-02-20,8,5,1
2025-02-20,9,8,1
2025-02-20,10,3,0
2025-02-20,11,3,0
2025-02-20,12,2,0
2025-02-20,13,12,1
2025-02-20,14,3,0
2025-02-20,15,2,0
2025-02-20,16,2,0
2025-02-20,17,1,0
2025-02-20,19,1,0
2025-02-20,20,2,0
2025-02-20,21,4,1
2025-02-20,22,3,0
2025-02-20,23,3,0
2025-02-21,1,5,1
2025-02-21,2,1,0
2025-02-21,3,2,0
2025-02-21,4,3,0
2025-02-21,5,1,0
2025-02-21,6,2,0
2025-02-21,7,2,0
2025-02-21,8,2,0
2025-02-21,9,3,0
2025-02-21,10,4,1
2025-02-21,11,3,0
2025-02-21,12,7,1
2025-02-21,13,3,0
2025-02-21,14,5,1
2025-02-21,15,4,1
2025-02-21,17,3,0
2025-02-21,19,1,0
2025-02-21,20,1,0
2025-02-21,21,1,0
2025-02-21,22,1,0
2025-02-21,23,2,0
2025-02-22,0,2,0
2025-02-22,1,2,0
2025-02-22,2,1,0
2025-02-22,3,1,0
2025-02-22,4,1,0
2025-02-22,7,3,0
2025-02-22,8,2,0
2025-02-22,9,1,0
2025-02-22,10,1,0
2025-02-22,12,3,0
2025-02-22,13,2,0
2025-02-22,14,1,0
2025-02-22,15,2,0
2025-02-22,16,1,0
2025-02-22,17,2,0
2025-02-22,18,2,0
2025-02-22,19,1,0
2025-02-22,20,1,0
2025-02-22,21,2,0
2025-02-22,22,2,0
2025-02-22,23,1,0
2025-02-23,2,3,0
2025-02-23,3,1,0
2025-02-23,7,1,0
2025-02-23,8,3,0
2025-02-23,9,2,0
2025-02-23,10,2,0
2025-02-23,11,3,0
2025-02-23,12,2,0
2025-02-23,13,2,0
2025-02-23,14,3,0
2025-02-23,17,2,0
2025-02-23,18,3,0
2025-02-23,20,2,0
2025-02-23,21,2,0
2025-02-23,23,2,0
2025-02-24,0,1,0
2025-02-24,1,2,0
2025-02-24,2,4,1
2025-02-24,3,1,0
2025-02-24,4,1,0
2025-02-24,5,1,0
2025-02-24,6,6,1
2025-02-24,7,2,0
2025-02-24,8,7,1
2025-02-24,9,2,0
2025-02-24,10,6,1
2025-02-24,11,7,1
2025-02-24,12,4,1
2025-02-24,13,5,1
2025-02-24,14,9,1
2025-02-24,15,8,1
2025-02-24,16,5,1
2025-02-24,17,2,0
2025-02-24,19,2,0
2025-02-24,20,2,0
2025-02-24,22,1,0
2025-02-24,23,3,0
2025-02-25,0,1,0
2025-02-25,1,2,0
2025-02-25,2,3,0
2025-02-25,3,1,0
2025-02-25,4,2,0
2025-02-25,6,4,1
2025-02-25,7,2,0
2025-02-25,8,3,0
2025-02-25,9,1,0
2025-02-25,10,4,1
2025-02-25,11,1,0
2025-02-25,12,3,0
2025-02-25,13,6,1
2025-02-25,14,5,1
2025-02-25,15,1,0
2025-02-25,16,2,0
2025-02-25,17,3,0
2025-02-25,18,1,0
2025-02-25,19,4,1
2025-02-25,22,1,0
2025-02-25,23,1,0
2025-02-26,0,2,0
2025-02-26,1,1,0
2025-02-26,2,2,0
2025-02-26,6,4,1
2025-02-26,7,7,1
2025-02-26,8,2,0
2025-02-26,9,5,1
2025-02-26,10,4,1
2025-02-26,11,3,0
2025-02-26,12,5,1
2025-02-26,13,7,1
2025-02-26,14,1,0
2025-02-26,15,4,1
2025-02-26,16,3,0
2025-02-26,17,1,0
2025-02-26,18,1,0
2025-02-26,19,1,0
2025-02-26,20,2,0
2025-02-26,21,1,0
2025-02-26,22,1,0
2025-02-26,23,1,0
2025-02-27,0,3,0
2025-02-27,1,2,0
2025-02-27,2,1,0
2025-02-27,3,1,0
2025-02-27,4,3,0
2025-02-27,5,1,0
2025-02-27,6,1,0
2025-02-27,7,4,1
2025-02-27,8,8,1
2025-02-27,9,5,1
2025-02-27,10,10,1
2025-02-27,11,5,1
2025-02-27,12,4,1
2025-02-27,13,5,1
2025-02-27,14,6,1
2025-02-27,15,4,1
2025-02-27,16,1,0
2025-02-27,17,5,1
2025-02-27,18,1,0
2025-02-27,19,3,0
2025-02-27,20,1,0
2025-02-27,21,2,0
2025-02-27,22,2,0
2025-02-27,23,2,0
2025-02-28,0,1,0
2025-02-28,1,3,0
2025-02-28,3,1,0
2025-02-28,4,1,0
2025-02-28,5,2,0
2025-02-28,6,2,0
2025-02-28,7,1,0
2025-02-28,8,2,0
2025-02-28,9,7,1
2025-02-28,10,4,1
2025-02-28,11,4,1
2025-02-28,12,4,1
2025-02-28,13,2,0
2025-02-28,14,4,1
2025-02-28,15,5,1
2025-02-28,16,3,0
2025-02-28,18,2,0
2025-02-28,19,1,0
2025-02-28,20,1,0
2025-02-28,21,3,0
2025-02-28,22,2,0
2025-03-01,0,1,0
2025-03-01,2,2,0
2025-03-01,3,1,0
2025-03-01,4,1,0
2025-03-01,5,3,0
2025-03-01,6,1,0
2025-03-01,7,1,0
2025-03-01,8,1,0
2025-03-01,9,1,0
2025-03-01,10,3,0
2025-03-01,14,2,0
2025-03-01,16,1,0
2025-03-01,17,2,0
2025-03-01,19,2,0
2025-03-01,20,1,0
2025-03-01,21,4,1
2025-03-01,23,1,0
2025-03-02,0,2,0
2025-03-02,1,3,0
2025-03-02,3,2,0
2025-03-02,4,2,0
2025-03-02,5,1,0
2025-03-02,6,1,0
2025-03-02,7,4,1
2025-03-02,8,2,0
2025-03-02,9,3,0
2025-03-02,10,1,0
2025-03-02,11,2,0
2025-03-02,12,2,0
2025-03-02,13,3,0
2025-03-02,14,3,0
2025-03-02,15,3,0
2025-03-02,16,1,0
2025-03-02,20,2,0
2025-03-02,21,1,0
2025-03-02,23,2,0
2025-03-03,0,2,0
2025-03-03,1,2,0
2025-03-03,2,3,0
2025-03-03,3,2,0
2025-03-03,4,2,0
2025-03-03,5,1,0
2025-03-03,6,4,1
2025-03-03,7,4,1
2025-03-03,8,9,1
2025-03-03,9,7,1
2025-03-03,10,4,1
2025-03-03,11,9,1
2025-03-03,12,3,0
2025-03-03,13,11,1
2025-03-03,14,3,0
2025-03-03,15,6,1
2025-03-03,16,5,1
2025-03-03,17,2,0
2025-03-03,18,1,0
2025-03-03,19,1,0
2025-03-03,20,4,1
2025-03-03,21,2,0
2025-03-03,22,1,0
2025-03-03,23,4,1
2025-03-04,0,2,0
2025-03-04,2,3,0
2025-03-04,3,2,0
2025-03-04,4,3,0
2025-03-04,5,2,0
2025-03-04,6,2,0
2025-03-04,7,1,0
2025-03-04,8,4,1
2025-03-04,9,1,0
2025-03-04,10,2,0
2025-03-04,11,2,0
2025-03-04,12,5,1
2025-03-04,13,3,0
2025-03-04,14,6,1
2025-03-04,15,4,1
2025-03-04,16,3,0
2025-03-04,18,2,0
2025-03-04,19,1,0
2025-03-04,20,1,0
2025-03-04,22,1,0
2025-03-04,23,1,0
2025-03-05,1,4,1
2025-03-05,3,1,0
2025-03-05,4,4,1
2025-03-05,5,1,0
2025-03-05,6,2,0
2025-03-05,7,3,0
2025-03-05,8,6,1
2025-03-05,9,4,1
2025-03-05,10,1,0
2025-03-05,11,5,1
2025-03-05,12,3,0
2025-03-05,13,6,1
2025-03-05,14,6,1
2025-03-05,15,3,0
2025-03-05,16,3,0
2025-03-05,17,3,0
2025-03-05,18,2,0
2025-03-05,19,1,0
2025-03-05,21,1,0
2025-03-05,22,1,0
2025-03-05,23,2,0
2025-03-06,0,1,0
2025-03-06,2,1,0
2025-03-06,3,3,0
2025-03-06,4,2,0
2025-03-06,6,4,1
2025-03-06,7,4,1
2025-03-06,8,4,1
2025-03-06,9,5,1
2025-03-06,11,4,1
2025-03-06,12,3,0
2025-03-06,14,1,0
2025-03-06,15,5,1
2025-03-06,16,3,0
2025-03-06,17,4,1
2025-03-06,18,3,0
2025-03-06,19,2,0
2025-03-06,21,2,0
2025-03-06,22,1,0
2025-03-06,23,2,0
2025-03-07,0,3,0
2025-03-07,1,1,0
2025-03-07,2,1,0
2025-03-07,3,3,0
2025-03-07,4,3,0
2025-03-07,5,1,0
2025-03-07,6,1,0
2025-03-07,7,6,1
2025-03-07,8,3,0
2025-03-07,9,3,0
2025-03-07,10,4,1
2025-03-07,11,2,0
2025-03-07,12,3,0
2025-03-07,13,4,1
2025-03-07,14,3,0
2025-03-07,15,1,0
2025-03-07,16,6,1
2025-03-07,17,1,0
2025-03-07,19,1,0
2025-03-07,21,1,0
2025-03-07,22,2,0
2025-03-08,0,1,0
2025-03-08,1,2,0
2025-03-08,2,3,0
2025-03-08,3,1,0
2025-03-08,4,1,0
2025-03-08,5,1,0
2025-03-08,6,3,0
2025-03-08,7,2,0
2025-03-08,8,1,0
2025-03-08,9,1,0
2025-03-08,10,1,0
2025-03-08,11,1,0
2025-03-08,12,1,0
2025-03-08,13,3,0
2025-03-08,14,2,0
2025-03-08,16,1,0
2025-03-08,18,3,0
2025-03-08,19,2,0
2025-03-08,20,2,0
2025-03-08,21,1,0
2025-03-08,22,3,0
2025-03-09,0,2,0
2025-03-09,2,3,0
2025-03-09,4,2,0
2025-03-09,7,2,0
2025-03-09,8,2,0
2025-03-09,9,1,0
2025-03-09,10,1,0
2025-03-09,11,3,0
2025-03-09,12,2,0
2025-03-09,13,2,0
2025-03-09,15,2,0
2025-03-09,16,1,0
2025-03-09,17,1,0
2025-03-09,18,1,0
2025-03-09,21,2,0
2025-03-09,23,2,0
2025-03-10,0,3,0
2025-03-10,1,1,0
2025-03-10,2,4,1
2025-03-10,3,1,0
2025-03-10,4,1,0
2025-03-10,5,1,0
2025-03-10,6,4,1
2025-03-10,7,4,1
2025-03-10,8,9,1
2025-03-10,9,7,1
2025-03-10,10,8,1
2025-03-10,11,5,1
2025-03-10,12,5,1
2025-03-10,13,9,1
2025-03-10,14,11,1
2025-03-10,15,5,1
2025-03-10,16,4,1
2025-03-10,17,2,0
2025-03-10,19,2,0
2025-03-10,20,1,0
2025-03-10,21,3,0
2025-03-10,22,2,0
2025-03-10,23,2,0
2025-03-11,0,2,0
2025-03-11,1,1,0
2025-03-11,2,1,0
2025-03-11,3,1,0
2025-03-11,4,5,1
2025-03-11,6,3,0
2025-03-11,7,6,1
2025-03-11,8,6,1
2025-03-11,9,2,0
2025-03-11,10,7,1
2025-03-11,11,3,0
2025-03-11,12,1,0
2025-03-11,13,4,1
2025-03-11,14,2,0
2025-03-11,15,1,0
2025-03-11,16,2,0
2025-03-11,17,1,0
2025-03-11,18,1,0
2025-03-11,19,1,0
2025-03-11,20,1,0
2025-03-11,21,3,0
2025-03-11,22,2,0
2025-03-11,23,1,0
2025-03-12,1,1,0
2025-03-12,3,2,0
2025-03-12,4,3,0
2025-03-12,6,2,0
2025-03-12,7,3,0
2025-03-12,8,3,0
2025-03-12,9,1,0
2025-03-12,10,3,0
2025-03-12,11,2,0
2025-03-12,12,3,0
2025-03-12,13,1,0
2025-03-12,14,4,1
2025-03-12,15,3,0
2025-03-12,16,2,0
2025-03-12,17,1,0
2025-03-12,18,2,0
2025-03-12,20,3,0
2025-03-12,21,4,1
2025-03-12,22,1,0
2025-03-12,23,5,1
2025-03-13,0,4,1
2025-03-13,1,2,0
2025-03-13,2,1,0
2025-03-13,3,5,1
2025-03-13,4,2,0
2025-03-13,5,1,0
2025-03-13,6,1,0
2025-03-13,7,1,0
2025-03-13,8,7,1
2025-03-13,9,6,1
2025-03-13,10,1,0
2025-03-13,11,2,0
2025-03-13,13,2,0
2025-03-13,14,6,1
2025-03-13,15,5,1
2025-03-13,16,6,1
2025-03-13,17,1,0
2025-03-13,18,3,0
2025-03-13,20,1,0
2025-03-13,21,1,0
2025-03-13,22,1,0
2025-03-14,0,2,0
2025-03-14,1,1,0
2025-03-14,2,1,0
2025-03-14,4,1,0
2025-03-14,5,3,0
2025-03-14,6,9,1
2025-03-14,7,6,1
2025-03-14,8,7,1
2025-03-14,10,4,1
2025-03-14,11,2,0
2025-03-14,12,4,1
2025-03-14,13,2,0
2025-03-14,14,5,1
2025-03-14,15,3,0
2025-03-14,16,5,1
2025-03-14,17,2,0
2025-03-14,18,3,0
2025-03-14,20,1,0
2025-03-14,21,2,0
2025-03-14,23,2,0
2025-03-15,0,3,0
2025-03-15,1,1,0
2025-03-15,2,2,0
2025-03-15,3,4,1
2025-03-15,5,2,0
2025-03-15,6,1,0
2025-03-15,7,2,0
2025-03-15,9,2,0
2025-03-15,10,2,0
2025-03-15,11,2,0
2025-03-15,12,3,0
2025-03-15,13,2,0
2025-03-15,14,1,0
2025-03-15,15,2,0
2025-03-15,16,1,0
2025-03-15,17,2,0
2025-03-15,18,1,0
2025-03-15,20,1,0
2025-03-15,21,2,0
2025-03-15,22,2,0
2025-03-16,0,1,0
2025-03-16,2,1,0
2025-03-16,3,1,0
2025-03-16,4,2,0
2025-03-16,5,1,0
2025-03-16,6,1,0
2025-03-16,7,1,0
2025-03-16,8,1,0
2025-03-16,9,1,0
2025-03-16,11,1,0
2025-03-16,12,2,0
2025-03-16,13,4,1
2025-03-16,14,2,0
2025-03-16,15,2,0
2025-03-16,16,3,0
2025-03-16,18,1,0
2025-03-16,19,1,0
2025-03-16,20,1,0
2025-03-16,22,3,0
2025-03-17,0,1,0
2025-03-17,1,3,0
2025-03-17,2,1,0
2025-03-17,3,1,0
2025-03-17,4,3,0
2025-03-17,5,2,0
2025-03-17,6,8,1
2025-03-17,7,2,0
2025-03-17,8,6,1
2025-03-17,9,8,1
2025-03-17,10,4,1
2025-03-17,11,7,1
2025-03-17,12,6,1
2025-03-17,13,5,1
2025-03-17,14,5,1
2025-03-17,15,3,0
2025-03-17,16,2,0
2025-03-17,17,1,0
2025-03-17,18,2,0
2025-03-17,19,2,0
2025-03-17,20,2,0
2025-03-17,21,1,0
2025-03-17,22,1,0
2025-03-17,23,2,0
2025-03-18,0,3,0
2025-03-18,1,2,0
2025-03-18,2,1,0
2025-03-18,3,2,0
2025-03-18,4,1,0
2025-03-18,6,1,0
2025-03-18,7,4,1
2025-03-18,8,1,0
2025-03-18,9,4,1
2025-03-18,10,6,1
2025-03-18,11,2,0
2025-03-18,12,1,0
2025-03-18,13,4,1
2025-03-18,14,3,0
2025-03-18,15,2,0
2025-03-18,16,1,0
2025-03-18,17,2,0
2025-03-18,19,3,0
2025-03-18,20,1,0
2025-03-18,21,1,0
2025-03-18,22,1,0
2025-03-18,23,3,0
2025-03-19,0,1,0
2025-03-19,3,1,0
2025-03-19,5,1,0
2025-03-19,6,1,0
2025-03-19,7,4,1
2025-03-19,8,7,1
2025-03-19,9,5,1
2025-03-19,10,1,0
2025-03-19,11,7,1
2025-03-19,12,7,1
2025-03-19,13,3,0
2025-03-19,14,4,1
2025-03-19,15,5,1
2025-03-19,16,2,0
2025-03-19,18,1,0
2025-03-19,19,1,0
2025-03-19,21,4,1
2025-03-19,22,1,0
2025-03-20,0,1,0
2025-03-20,1,2,0
2025-03-20,2,2,0
2025-03-20,3,2,0
2025-03-20,4,2,0
2025-03-20,5,1,0
2025-03-20,6,1,0
2025-03-20,7,4,1
2025-03-20,8,3,0
2025-03-20,10,4,1
2025-03-20,11,2,0
2025-03-20,12,3,0
2025-03-20,13,4,1
2025-03-20,14,7,1
2025-03-20,15,6,1
2025-03-20,16,7,1
2025-03-20,17,4,1
2025-03-20,18,2,0
2025-03-20,19,1,0
2025-03-20,20,1,0
2025-03-20,21,3,0
2025-03-20,22,2,0
2025-03-20,23,1,0
2025-03-21,0,3,0
2025-03-21,1,2,0
2025-03-21,2,2,0
2025-03-21,3,4,1
2025-03-21,4,2,0
2025-03-21,6,5,1
2025-03-21,7,2,0
2025-03-21,8,1,0
2025-03-21,9,3,0
2025-03-21,10,5,1
2025-03-21,11,5,1
2025-03-21,12,5,1
2025-03-21,13,1,0
2025-03-21,14,4,1
2025-03-21,15,5,1
2025-03-21,16,2,0
2025-03-21,17,1,0
2025-03-21,18,3,0
2025-03-21,19,2,0
2025-03-21,20,2,0
2025-03-21,21,1,0
2025-03-21,22,1,0
2025-03-21,23,1,0
2025-03-22,1,2,0
2025-03-22,3,1,0
2025-03-22,6,2,0
2025-03-22,8,4,1
2025-03-22,9,4,1
2025-03-22,13,3,0
2025-03-22,14,1,0
2025-03-22,15,3,0
2025-03-22,16,1,0
2025-03-22,17,1,0
2025-03-22,18,3,0
2025-03-22,21,2,0
2025-03-22,23,2,0
2025-03-23,3,1,0
2025-03-23,5,2,0
2025-03-23,6,5,1
2025-03-23,7,4,1
2025-03-23,8,1,0
2025-03-23,10,2,0
2025-03-23,12,1,0
2025-03-23,13,1,0
2025-03-23,15,2,0
2025-03-23,16,2,0
2025-03-23,17,2,0
2025-03-23,18,1,0
2025-03-23,19,3,0
2025-03-23,20,1,0
2025-03-23,21,1,0
2025-03-23,22,1,0
2025-03-23,23,1,0
2025-03-24,0,2,0
2025-03-24,1,1,0
2025-03-24,2,1,0
2025-03-24,4,4,1
2025-03-24,5,1,0
2025-03-24,6,2,0
2025-03-24,7,9,1
2025-03-24,8,10,1
2025-03-24,9,6,1
2025-03-24,10,8,1
2025-03-24,11,5,1
2025-03-24,12,5,1
2025-03-24,13,11,1
2025-03-24,14,4,1
2025-03-24,15,3,0
2025-03-24,16,2,0
2025-03-24,17,8,1
2025-03-24,18,3,0
2025-03-24,19,5,1
2025-03-24,20,1,0
2025-03-24,22,4,1
2025-03-24,23,1,0
2025-03-25,0,1,0
2025-03-25,1,1,0
2025-03-25,2,4,1
2025-03-25,3,1,0
2025-03-25,4,1,0
2025-03-25,5,1,0
2025-03-25,6,1,0
2025-03-25,7,2,0
2025-03-25,8,5,1
2025-03-25,9,5,1
2025-03-25,10,3,0
2025-03-25,11,2,0
2025-03-25,12,2,0
2025-03-25,13,3,0
2025-03-25,14,3,0
2025-03-25,15,4,1
2025-03-25,16,3,0
2025-03-25,17,1,0
2025-03-25,18,2,0
2025-03-25,19,2,0
2025-03-25,23,2,0
2025-03-26,0,1,0
2025-03-26,1,1,0
2025-03-26,2,3,0
2025-03-26,3,1,0
2025-03-26,4,2,0
2025-03-26,5,1,0
2025-03-26,6,2,0
2025-03-26,7,1,0
2025-03-26,8,5,1
2025-03-26,9,4,1
2025-03-26,10,3,0
2025-03-26,11,2,0
2025-03-26,12,5,1
2025-03-26,13,1,0
2025-03-26,14,4,1
2025-03-26,15,3,0
2025-03-26,16,3,0
2025-03-26,17,2,0
2025-03-26,20,3,0
2025-03-26,21,2,0
2025-03-26,23,1,0
2025-03-27,0,4,1
2025-03-27,1,3,0
2025-03-27,2,4,1
2025-03-27,3,1,0
2025-03-27,4,1,0
2025-03-27,5,1,0
2025-03-27,6,2,0
2025-03-27,7,4,1
2025-03-27,8,4,1
2025-03-27,9,3,0
2025-03-27,10,6,1
2025-03-27,11,4,1
2025-03-27,12,4,1
2025-03-27,13,3,0
2025-03-27,14,4,1
2025-03-27,15,4,1
2025-03-27,16,3,0
2025-03-27,17,2,0
2025-03-27,18,2,0
2025-03-27,19,1,0
2025-03-27,20,1,0
2025-03-27,23,2,0
2025-03-28,0,2,0
2025-03-28,1,1,0
2025-03-28,2,3,0
2025-03-28,3,2,0
2025-03-28,4,2,0
2025-03-28,6,3,0
2025-03-28,8,7,1
2025-03-28,9,3,0
2025-03-28,10,2,0
2025-03-28,11,2,0
2025-03-28,12,3,0
2025-03-28,13,4,1
2025-03-28,14,3,0
2025-03-28,15,4,1
2025-03-28,16,2,0
2025-03-28,17,1,0
2025-03-28,19,2,0
2025-03-28,20,1,0
2025-03-28,21,2,0
2025-03-28,22,1,0
2025-03-28,23,1,0
2025-03-29,0,1,0
2025-03-29,1,1,0
2025-03-29,2,2,0
2025-03-29,3,3,0
2025-03-29,6,2,0
2025-03-29,7,5,1
2025-03-29,8,2,0
2025-03-29,9,1,0
2025-03-29,10,4,1
2025-03-29,11,1,0
2025-03-29,12,2,0
2025-03-29,13,1,0
2025-03-29,15,2,0
2025-03-29,21,1,0
2025-03-29,22,1,0
2025-03-29,23,2,0
2025-03-30,0,1,0
2025-03-30,2,3,0
2025-03-30,3,1,0
2025-03-30,5,1,0
2025-03-30,6,1,0
2025-03-30,7,5,1
2025-03-30,8,2,0
2025-03-30,9,1,0
2025-03-30,10,2,0
2025-03-30,12,1,0
2025-03-30,14,2,0
2025-03-30,16,2,0
2025-03-30,17,1,0
2025-03-30,18,1,0
2025-03-30,19,3,0
2025-03-30,20,1,0
2025-03-30,23,3,0
2025-03-31,2,2,0
2025-03-31,3,3,0
2025-03-31,4,2,0
2025-03-31,5,1,0
2025-03-31,6,5,1
2025-03-31,7,8,1
2025-03-31,8,5,1
2025-03-31,9,9,1
2025-03-31,10,9,1
2025-03-31,11,7,1
2025-03-31,12,6,1
2025-03-31,13,5,1
2025-03-31,14,9,1
2025-03-31,15,3,0
2025-03-31,16,6,1
2025-03-31,17,5,1
2025-03-31,18,1,0
2025-03-31,19,2,0
2025-03-31,20,3,0
2025-03-31,21,5,1
2025-03-31,22,2,0
2025-03-31,23,2,0
2025-04-01,0,1,0
2025-04-01,3,3,0
2025-04-01,4,1,0
2025-04-01,5,1,0
2025-04-01,6,4,1
2025-04-01,7,2,0
2025-04-01,8,5,1
2025-04-01,9,2,0
2025-04-01,10,2,0
2025-04-01,11,5,1
2025-04-01,12,1,0
2025-04-01,13,4,1
2025-04-01,14,3,0
2025-04-01,15,5,1
2025-04-01,17,2,0
2025-04-01,18,1,0
2025-04-01,19,1,0
2025-04-01,22,2,0
2025-04-01,23,1,0
2025-04-02,0,2,0
2025-04-02,1,4,1
2025-04-02,5,1,0
2025-04-02,6,1,0
2025-04-02,7,5,1
2025-04-02,8,2,0
2025-04-02,9,4,1
2025-04-02,10,1,0
2025-04-02,11,2,0
2025-04-02,12,1,0
2025-04-02,13,3,0
2025-04-02,14,6,1
2025-04-02,15,4,1
2025-04-02,16,1,0
2025-04-02,18,1,0
2025-04-02,20,2,0
2025-04-02,21,1,0
2025-04-02,22,3,0
2025-04-02,23,1,0
2025-04-03,0,3,0
2025-04-03,1,2,0
2025-04-03,3,2,0
2025-04-03,6,3,0
2025-04-03,7,4,1
2025-04-03,8,1,0
2025-04-03,9,2,0
2025-04-03,10,1,0
2025-04-03,11,7,1
2025-04-03,12,2,0
2025-04-03,13,5,1
2025-04-03,14,6,1
2025-04-03,15,2,0
2025-04-03,16,3,0
2025-04-03,18,1,0
2025-04-03,20,1,0
2025-04-03,22,2,0
2025-04-03,23,3,0
2025-04-04,1,1,0
2025-04-04,2,1,0
2025-04-04,3,1,0
2025-04-04,4,2,0
2025-04-04,5,1,0
2025-04-04,6,2,0
2025-04-04,7,4,1
2025-04-04,8,5,1
2025-04-04,9,1,0
2025-04-04,10,4,1
2025-04-04,11,2,0
2025-04-04,12,3,0
2025-04-04,13,2,0
2025-04-04,14,1,0
2025-04-04,15,5,1
2025-04-04,17,1,0
2025-04-04,18,4,1
2025-04-04,19,1,0
2025-04-04,20,3,0
2025-04-04,21,3,0
2025-04-04,22,7,1
2025-04-04,23,1,0
2025-04-05,1,2,0
2025-04-05,2,1,0
2025-04-05,4,1,0
2025-04-05,5,1,0
2025-04-05,7,3,0
2025-04-05,8,1,0
2025-04-05,9,1,0
2025-04-05,10,3,0
2025-04-05,12,1,0
2025-04-05,13,4,1
2025-04-05,14,2,0
2025-04-05,15,2,0
2025-04-05,17,1,0
2025-04-05,19,2,0
2025-04-05,20,1,0
2025-04-05,21,1,0
2025-04-05,23,2,0
2025-04-06,0,1,0
2025-04-06,1,3,0
2025-04-06,5,1,0
2025-04-06,6,3,0
2025-04-06,9,3,0
2025-04-06,10,2,0
2025-04-06,15,1,0
2025-04-06,16,3,0
2025-04-06,17,4,1
2025-04-06,18,1,0
2025-04-06,19,2,0
2025-04-06,20,1,0
2025-04-06,21,1,0
2025-04-06,23,4,1
2025-04-07,1,1,0
2025-04-07,2,2,0
2025-04-07,4,1,0
2025-04-07,5,2,0
2025-04-07,6,5,1
2025-04-07,7,8,1
2025-04-07,8,7,1
2025-04-07,9,9,1
2025-04-07,10,12,1
2025-04-07,11,4,1
2025-04-07,12,6,1
2025-04-07,13,11,1
2025-04-07,14,8,1
2025-04-07,15,3,0
2025-04-07,16,5,1
2025-04-07,17,5,1
2025-04-07,18,1,0
2025-04-07,20,5,1
2025-04-07,21,1,0
2025-04-07,22,5,1
2025-04-08,2,3,0
2025-04-08,3,2,0
2025-04-08,4,2,0
2025-04-08,6,1,0
2025-04-08,8,1,0
2025-04-08,9,4,1
2025-04-08,10,3,0
2025-04-08,11,4,1
2025-04-08,12,3,0
2025-04-08,13,2,0
2025-04-08,14,2,0
2025-04-08,15,1,0
2025-04-08,16,5,1
2025-04-08,17,2,0
2025-04-08,18,1,0
2025-04-08,20,3,0
2025-04-08,22,2,0
2025-04-08,23,3,0
2025-04-09,0,1,0
2025-04-09,1,2,0
2025-04-09,3,1,0
2025-04-09,4,2,0
2025-04-09,5,4,1
2025-04-09,6,6,1
2025-04-09,7,4,1
2025-04-09,8,8,1
2025-04-09,9,6,1
2025-04-09,10,3,0
2025-04-09,11,3,0
2025-04-09,12,3,0
2025-04-09,13,6,1
2025-04-09,14,1,0
2025-04-09,15,4,1
2025-04-09,16,3,0
2025-04-09,17,4,1
2025-04-09,19,2,0
2025-04-09,20,2,0
2025-04-09,21,1,0
2025-04-09,22,2,0
2025-04-09,23,1,0
2025-04-10,2,2,0
2025-04-10,3,1,0
2025-04-10,4,3,0
2025-04-10,6,1,0
2025-04-10,7,4,1
2025-04-10,8,5,1
2025-04-10,9,4,1
2025-04-10,10,4,1
2025-04-10,11,6,1
2025-04-10,12,2,0
2025-04-10,13,3,0
2025-04-10,14,1,0
2025-04-10,15,2,0
2025-04-10,16,4,1
2025-04-10,17,1,0
2025-04-10,18,1,0
2025-04-10,19,1,0
2025-04-10,20,4,1
2025-04-10,21,2,0
2025-04-10,22,5,1
2025-04-10,23,2,0
2025-04-11,0,2,0
2025-04-11,1,4,1
2025-04-11,2,3,0
2025-04-11,4,2,0
2025-04-11,5,3,0
2025-04-11,6,3,0
2025-04-11,7,2,0
2025-04-11,8,1,0
2025-04-11,9,3,0
2025-04-11,10,1,0
2025-04-11,11,3,0
2025-04-11,12,3,0
2025-04-11,13,4,1
2025-04-11,14,3,0
2025-04-11,15,4,1
2025-04-11,16,1,0
2025-04-11,17,1,0
2025-04-11,18,3,0
2025-04-11,20,1,0
2025-04-11,22,1,0
2025-04-11,23,3,0
2025-04-12,0,2,0
2025-04-12,1,1,0
2025-04-12,2,2,0
2025-04-12,3,1,0
2025-04-12,4,3,0
2025-04-12,6,1,0
2025-04-12,7,2,0
2025-04-12,8,3,0
2025-04-12,9,1,0
2025-04-12,10,1,0
2025-04-12,12,1,0
2025-04-12,13,4,1
2025-04-12,14,6,1
2025-04-12,15,1,0
2025-04-12,16,1,0
2025-04-12,17,1,0
2025-04-12,18,1,0
2025-04-12,20,3,0
2025-04-12,21,1,0
2025-04-12,22,1,0
2025-04-12,23,1,0
2025-04-13,0,2,0
2025-04-13,1,2,0
2025-04-13,3,2,0
2025-04-13,4,2,0
2025-04-13,6,3,0
2025-04-13,7,4,1
2025-04-13,8,2,0
2025-04-13,9,1,0
2025-04-13,10,2,0
2025-04-13,12,1,0
2025-04-13,13,3,0
2025-04-13,15,2,0
2025-04-13,16,1,0
2025-04-13,17,1,0
2025-04-13,21,3,0
2025-04-13,22,2,0
2025-04-13,23,2,0
2025-04-14,0,1,0
2025-04-14,1,2,0
2025-04-14,2,1,0
2025-04-14,3,2,0
2025-04-14,4,2,0
2025-04-14,7,5,1
2025-04-14,8,6,1
2025-04-14,9,7,1
2025-04-14,10,6,1
2025-04-14,11,3,0
2025-04-14,12,7,1
2025-04-14,13,6,1
2025-04-14,14,6,1
2025-04-14,15,1,0
2025-04-14,16,5,1
2025-04-14,17,3,0
2025-04-14,18,2,0
2025-04-14,19,1,0
2025-04-14,20,2,0
2025-04-14,23,1,0
2025-04-15,0,1,0
2025-04-15,3,1,0
2025-04-15,6,3,0
2025-04-15,7,2,0
2025-04-15,8,5,1
2025-04-15,9,4,1
2025-04-15,10,3,0
2025-04-15,11,2,0
2025-04-15,12,2,0
2025-04-15,14,2,0
2025-04-15,15,5,1
2025-04-15,16,2,0
2025-04-15,17,1,0
2025-04-15,18,1,0
2025-04-15,19,3,0
2025-04-15,20,2,0
2025-04-15,21,3,0
2025-04-15,23,1,0
2025-04-16,0,2,0
2025-04-16,1,1,0
2025-04-16,5,2,0
2025-04-16,6,6,1
2025-04-16,7,2,0
2025-04-16,8,5,1
2025-04-16,9,4,1
2025-04-16,10,3,0
2025-04-16,11,3,0
2025-04-16,12,3,0
2025-04-16,13,6,1
2025-04-16,14,2,0
2025-04-16,15,2,0
2025-04-16,16,5,1
2025-04-16,17,1,0
2025-04-16,20,2,0
2025-04-16,21,3,0
2025-04-16,22,5,1
2025-04-16,23,1,0
2025-04-17,0,2,0
2025-04-17,2,2,0
2025-04-17,4,1,0
2025-04-17,5,2,0
2025-04-17,6,2,0
2025-04-17,7,4,1
2025-04-17,9,2,0
2025-04-17,10,5,1
2025-04-17,11,1,0
2025-04-17,12,4,1
2025-04-17,13,2,0
2025-04-17,14,3,0
2025-04-17,15,3,0
2025-04-17,16,1,0
2025-04-17,17,1,0
2025-04-17,19,2,0
2025-04-17,20,2,0
2025-04-17,22,2,0
2025-04-17,23,1,0
2025-04-18,0,3,0
2025-04-18,1,1,0
2025-04-18,2,1,0
2025-04-18,3,1,0
2025-04-18,4,2,0
2025-04-18,5,3,0
2025-04-18,6,1,0
2025-04-18,7,8,1
2025-04-18,8,4,1
2025-04-18,9,4,1
2025-04-18,10,4,1
2025-04-18,12,3,0
2025-04-18,13,4,1
2025-04-18,14,3,0
2025-04-18,15,4,1
2025-04-18,17,3,0
2025-04-18,20,1,0
2025-04-18,21,3,0
2025-04-18,22,5,1
2025-04-19,0,1,0
2025-04-19,1,2,0
2025-04-19,2,1,0
2025-04-19,3,4,1
2025-04-19,5,1,0
2025-04-19,6,2,0
2025-04-19,7,3,0
2025-04-19,9,1,0
2025-04-19,10,5,1
2025-04-19,11,3,0
2025-04-19,12,5,1
2025-04-19,13,4,1
2025-04-19,14,1,0
2025-04-19,17,1,0
2025-04-19,18,2,0
2025-04-19,19,2,0
2025-04-19,20,4,1
2025-04-19,22,1,0
2025-04-19,23,3,0
2025-04-20,0,2,0
2025-04-20,1,2,0
2025-04-20,2,5,1
2025-04-20,3,1,0
2025-04-20,5,1,0
2025-04-20,6,2,0
2025-04-20,7,1,0
2025-04-20,9,1,0
2025-04-20,10,1,0
2025-04-20,11,1,0
2025-04-20,12,1,0
2025-04-20,13,1,0
2025-04-20,14,2,0
2025-04-20,15,2,0
2025-04-20,16,1,0
2025-04-20,17,1,0
2025-04-20,18,2,0
2025-04-20,19,2,0
2025-04-20,20,1,0
2025-04-20,21,2,0
2025-04-21,0,2,0
2025-04-21,1,1,0
2025-04-21,2,3,0
2025-04-21,3,3,0
2025-04-21,6,10,1
2025-04-21,7,9,1
2025-04-21,8,9,1
2025-04-21,9,10,1
2025-04-21,10,7,1
2025-04-21,11,7,1
2025-04-21,12,7,1
2025-04-21,13,3,0
2025-04-21,14,6,1
2025-04-21,15,5,1
2025-04-21,16,6,1
2025-04-21,17,4,1
2025-04-21,18,1,0
2025-04-21,19,1,0
2025-04-21,20,4,1
2025-04-21,21,2,0
2025-04-21,22,2,0
2025-04-21,23,5,1
2025-04-22,1,3,0
2025-04-22,2,2,0
2025-04-22,6,3,0
2025-04-22,7,1,0
2025-04-22,8,7,1
2025-04-22,9,5,1
2025-04-22,10,2,0
2025-04-22,11,7,1
2025-04-22,12,1,0
2025-04-22,13,1,0
2025-04-22,14,3,0
2025-04-22,15,2,0
2025-04-22,16,5,1
2025-04-22,17,3,0
2025-04-22,18,1,0
2025-04-22,19,1,0
2025-04-22,20,2,0
2025-04-22,21,2,0
2025-04-22,22,2,0
2025-04-22,23,1,0
2025-04-23,0,2,0
2025-04-23,1,2,0
2025-04-23,2,1,0
2025-04-23,3,1,0
2025-04-23,4,1,0
2025-04-23,6,2,0
2025-04-23,7,8,1
2025-04-23,8,5,1
2025-04-23,9,3,0
2025-04-23,10,4,1
2025-04-23,11,2,0
2025-04-23,12,9,1
2025-04-23,13,2,0
2025-04-23,15,3,0
2025-04-23,16,5,1
2025-04-23,17,5,1
2025-04-23,18,1,0
2025-04-23,19,2,0
2025-04-23,20,1,0
2025-04-23,21,1,0
2025-04-23,22,4,1
2025-04-23,23,5,1
2025-04-24,0,1,0
2025-04-24,1,1,0
2025-04-24,2,2,0
2025-04-24,3,2,0
2025-04-24,4,1,0
2025-04-24,5,1,0
2025-04-24,6,3,0
2025-04-24,7,3,0
2025-04-24,8,4,1
2025-04-24,9,4,1
2025-04-24,10,5,1
2025-04-24,11,3,0
2025-04-24,12,6,1
2025-04-24,13,5,1
2025-04-24,14,3,0
2025-04-24,15,5,1
2025-04-24,16,4,1
2025-04-24,17,1,0
2025-04-24,18,1,0
2025-04-24,19,1,0
2025-04-24,20,2,0
2025-04-24,21,3,0
2025-04-24,22,1,0
2025-04-25,0,2,0
2025-04-25,1,1,0
2025-04-25,2,3,0
2025-04-25,3,3,0
2025-04-25,4,4,1
2025-04-25,5,1,0
2025-04-25,6,4,1
2025-04-25,7,5,1
2025-04-25,8,5,1
2025-04-25,9,6,1
2025-04-25,10,3,0
2025-04-25,11,4,1
2025-04-25,12,2,0
2025-04-25,13,3,0
2025-04-25,14,5,1
2025-04-25,15,3,0
2025-04-25,16,3,0
2025-04-25,17,6,1
2025-04-25,18,3,0
2025-04-25,19,3,0
2025-04-25,20,1,0
2025-04-25,21,1,0
2025-04-25,22,1,0
2025-04-25,23,2,0
2025-04-26,0,1,0
2025-04-26,2,3,0
2025-04-26,3,3,0
2025-04-26,4,1,0
2025-04-26,6,2,0
2025-04-26,7,1,0
2025-04-26,8,5,1
2025-04-26,9,3,0
2025-04-26,10,4,1
2025-04-26,11,2,0
2025-04-26,12,3,0
2025-04-26,14,1,0
2025-04-26,16,2,0
2025-04-26,19,2,0
2025-04-26,20,5,1
2025-04-26,21,2,0
2025-04-27,1,1,0
2025-04-27,7,1,0
2025-04-27,9,1,0
2025-04-27,10,1,0
2025-04-27,11,1,0
2025-04-27,12,1,0
2025-04-27,13,2,0
2025-04-27,14,1,0
2025-04-27,15,3,0
2025-04-27,17,2,0
2025-04-27,18,2,0
2025-04-27,19,2,0
2025-04-27,20,4,1
2025-04-27,22,3,0
2025-04-27,23,2,0
2025-04-28,0,3,0
2025-04-28,2,2,0
2025-04-28,3,3,0
2025-04-28,5,1,0
2025-04-28,6,10,1
2025-04-28,7,14,1
2025-04-28,8,8,1
2025-04-28,9,7,1
2025-04-28,10,4,1
2025-04-28,11,5,1
2025-04-28,12,13,1
2025-04-28,13,6,1
2025-04-28,14,1,0
2025-04-28,15,5,1
2025-04-28,16,3,0
2025-04-28,17,7,1
2025-04-28,18,1,0
2025-04-28,19,3,0
2025-04-28,23,2,0
2025-04-29,0,2,0
2025-04-29,1,1,0
2025-04-29,2,1,0
2025-04-29,3,3,0
2025-04-29,4,1,0
2025-04-29,5,3,0
2025-04-29,6,2,0
2025-04-29,7,5,1
2025-04-29,8,3,0
2025-04-29,10,5,1
2025-04-29,11,5,1
2025-04-29,12,5,1
2025-04-29,13,2,0
2025-04-29,14,3,0
2025-04-29,15,6,1
2025-04-29,16,2,0
2025-04-29,17,2,0
2025-04-29,18,1,0
2025-04-29,20,3,0
2025-04-29,21,3,0
2025-04-30,0,2,0
2025-04-30,2,2,0
2025-04-30,3,2,0
2025-04-30,5,2,0
2025-04-30,6,7,1
2025-04-30,7,4,1
2025-04-30,8,2,0
2025-04-30,9,4,1
2025-04-30,10,9,1
2025-04-30,11,1,0
2025-04-30,12,2,0
2025-04-30,13,6,1
2025-04-30,14,7,1
2025-04-30,15,4,1
2025-04-30,16,1,0
2025-04-30,17,1,0
2025-04-30,19,2,0
2025-04-30,20,2,0
2025-04-30,21,6,1
2025-04-30,22,5,1
2025-04-30,23,2,0
2025-05-01,1,3,0
2025-05-01,2,4,1
2025-05-01,3,3,0
2025-05-01,4,1,0
2025-05-01,5,2,0
2025-05-01,6,3,0
2025-05-01,7,5,1
2025-05-01,8,9,1
2025-05-01,9,7,1
2025-05-01,10,2,0
2025-05-01,11,3,0
2025-05-01,12,2,0
2025-05-01,13,4,1
2025-05-01,14,3,0
2025-05-01,15,1,0
2025-05-01,16,3,0
2025-05-01,17,3,0
2025-05-01,18,3,0
2025-05-01,19,3,0
2025-05-01,20,2,0
2025-05-01,21,2,0
2025-05-02,0,2,0
2025-05-02,1,2,0
2025-05-02,2,2,0
2025-05-02,3,3,0
2025-05-02,5,2,0
2025-05-02,6,4,1
2025-05-02,7,4,1
2025-05-02,9,6,1
2025-05-02,10,3,0
2025-05-02,11,4,1
2025-05-02,13,1,0
2025-05-02,14,3,0
2025-05-02,15,4,1
2025-05-02,16,7,1
2025-05-02,17,1,0
2025-05-02,18,4,1
2025-05-02,19,1,0
2025-05-02,20,1,0
2025-05-02,21,2,0
2025-05-02,23,2,0
2025-05-03,0,2,0
2025-05-03,1,1,0
2025-05-03,2,2,0
2025-05-03,5,3,0
2025-05-03,6,3,0
2025-05-03,7,3,0
2025-05-03,8,6,1
2025-05-03,10,3,0
2025-05-03,11,2,0
2025-05-03,12,3,0
2025-05-03,13,3,0
2025-05-03,14,4,1
2025-05-03,15,1,0
2025-05-03,16,2,0
2025-05-03,17,1,0
2025-05-03,18,1,0
2025-05-03,19,1,0
2025-05-03,20,3,0
2025-05-03,21,2,0
2025-05-03,22,1,0
2025-05-04,0,1,0
2025-05-04,1,1,0
2025-05-04,2,1,0
2025-05-04,3,2,0
2025-05-04,5,2,0
2025-05-04,7,1,0
2025-05-04,8,3,0
2025-05-04,9,1,0
2025-05-04,10,3,0
2025-05-04,14,2,0
2025-05-04,15,3,0
2025-05-04,16,2,0
2025-05-04,17,1,0
2025-05-04,18,2,0
2025-05-04,19,2,0
2025-05-04,20,1,0
2025-05-04,21,1,0
2025-05-04,22,1,0
2025-05-04,23,2,0
2025-05-05,0,3,0
2025-05-05,1,2,0
2025-05-05,2,2,0
2025-05-05,3,2,0
2025-05-05,4,2,0
2025-05-05,6,2,0
2025-05-05,7,6,1
2025-05-05,8,6,1
2025-05-05,9,9,1
2025-05-05,10,6,1
2025-05-05,11,4,1
2025-05-05,12,6,1
2025-05-05,13,8,1
2025-05-05,14,8,1
2025-05-05,15,3,0
2025-05-05,16,3,0
2025-05-05,17,3,0
2025-05-05,18,1,0
2025-05-05,19,3,0
2025-05-05,20,3,0
2025-05-05,21,3,0
2025-05-05,22,1,0
2025-05-05,23,2,0
2025-05-06,0,2,0
2025-05-06,1,4,1
2025-05-06,2,2,0
2025-05-06,5,3,0
2025-05-06,7,5,1
2025-05-06,8,1,0
2025-05-06,9,2,0
2025-05-06,10,2,0
2025-05-06,11,3,0
2025-05-06,12,2,0
2025-05-06,13,1,0
2025-05-06,14,4,1
2025-05-06,15,2,0
2025-05-06,16,1,0
2025-05-06,17,1,0
2025-05-06,18,1,0
2025-05-06,20,3,0
2025-05-06,21,1,0
2025-05-06,23,1,0
2025-05-07,1,2,0
2025-05-07,2,3,0
2025-05-07,4,1,0
2025-05-07,5,1,0
2025-05-07,6,2,0
2025-05-07,7,6,1
2025-05-07,8,5,1
2025-05-07,9,2,0
2025-05-07,10,1,0
2025-05-07,12,5,1
2025-05-07,13,3,0
2025-05-07,14,3,0
2025-05-07,15,1,0
2025-05-07,16,1,0
2025-05-07,17,2,0
2025-05-07,19,2,0
2025-05-07,20,2,0
2025-05-07,21,2,0
2025-05-07,22,3,0
2025-05-07,23,1,0
2025-05-08,1,3,0
2025-05-08,2,1,0
2025-05-08,3,1,0
2025-05-08,4,1,0
2025-05-08,5,2,0
2025-05-08,6,2,0
2025-05-08,8,7,1
2025-05-08,9,4,1
2025-05-08,10,4,1
2025-05-08,11,5,1
2025-05-08,12,3,0
2025-05-08,13,3,0
2025-05-08,14,2,0
2025-05-08,15,2,0
2025-05-08,16,3,0
2025-05-08,17,4,1
2025-05-08,18,5,1
2025-05-08,19,1,0
2025-05-08,21,2,0
2025-05-08,22,3,0
2025-05-08,23,2,0
2025-05-09,2,1,0
2025-05-09,3,2,0
2025-05-09,4,1,0
2025-05-09,5,1,0
2025-05-09,6,2,0
2025-05-09,7,3,0
2025-05-09,8,3,0
2025-05-09,9,5,1
2025-05-09,10,1,0
2025-05-09,11,8,1
2025-05-09,12,4,1
2025-05-09,13,4,1
2025-05-09,14,2,0
2025-05-09,15,4,1
2025-05-09,16,2,0
2025-05-09,17,1,0
2025-05-09,18,1,0
2025-05-09,20,4,1
2025-05-09,21,1,0
2025-05-09,22,1,0
2025-05-10,0,2,0
2025-05-10,3,1,0
2025-05-10,4,1,0
2025-05-10,5,1,0
2025-05-10,6,4,1
2025-05-10,8,3,0
2025-05-10,9,3,0
2025-05-10,10,4,1
2025-05-10,11,5,1
2025-05-10,13,3,0
2025-05-10,14,3,0
2025-05-10,15,2,0
2025-05-10,16,1,0
2025-05-10,17,4,1
2025-05-10,21,3,0
2025-05-10,22,2,0
2025-05-10,23,1,0
2025-05-11,0,1,0
2025-05-11,1,1,0
2025-05-11,2,1,0
2025-05-11,4,2,0
2025-05-11,5,2,0
2025-05-11,6,2,0
2025-05-11,8,1,0
2025-05-11,9,1,0
2025-05-11,11,2,0
2025-05-11,14,4,1
2025-05-11,15,2,0
2025-05-11,16,2,0
2025-05-11,17,1,0
2025-05-11,18,1,0
2025-05-11,19,1,0
2025-05-11,20,1,0
2025-05-11,21,1,0
2025-05-12,0,1,0
2025-05-12,1,2,0
2025-05-12,2,1,0
2025-05-12,3,4,1
2025-05-12,4,2,0
2025-05-12,5,2,0
2025-05-12,6,8,1
2025-05-12,7,5,1
2025-05-12,8,3,0
2025-05-12,9,5,1
2025-05-12,10,5,1
2025-05-12,11,3,0
2025-05-12,12,10,1
2025-05-12,13,10,1
2025-05-12,14,5,1
2025-05-12,15,3,0
2025-05-12,16,6,1
2025-05-12,17,1,0
2025-05-12,19,4,1
2025-05-12,20,3,0
2025-05-12,22,3,0
2025-05-12,23,1,0
2025-05-13,0,1,0
2025-05-13,1,1,0
2025-05-13,2,1,0
2025-05-13,3,1,0
2025-05-13,4,3,0
2025-05-13,5,1,0
2025-05-13,6,3,0
2025-05-13,7,3,0
2025-05-13,8,5,1
2025-05-13,9,3,0
2025-05-13,10,3,0
2025-05-13,11,3,0
2025-05-13,12,4,1
2025-05-13,13,5,1
2025-05-13,14,3,0
2025-05-13,15,3,0
2025-05-13,16,2,0
2025-05-13,17,2,0
2025-05-13,18,3,0
2025-05-13,19,2,0
2025-05-13,20,1,0
2025-05-13,21,1,0
2025-05-13,23,1,0
2025-05-14,0,3,0
2025-05-14,1,4,1
2025-05-14,2,2,0
2025-05-14,3,2,0
2025-05-14,4,2,0
2025-05-14,5,1,0
2025-05-14,6,1,0
2025-05-14,7,7,1
2025-05-14,8,6,1
2025-05-14,9,9,1
2025-05-14,10,4,1
2025-05-14,11,5,1
2025-05-14,12,6,1
2025-05-14,13,2,0
2025-05-14,14,1,0
2025-05-14,15,2,0
2025-05-14,16,4,1
2025-05-14,18,3,0
2025-05-14,19,1,0
2025-05-14,22,1,0
2025-05-14,23,2,0
2025-05-15,1,2,0
2025-05-15,2,4,1
2025-05-15,3,2,0
2025-05-15,4,1,0
2025-05-15,5,2,0
2025-05-15,7,7,1
2025-05-15,8,3,0
2025-05-15,9,7,1
2025-05-15,10,4,1
2025-05-15,11,2,0
2025-05-15,12,3,0
2025-05-15,13,3,0
2025-05-15,14,1,0
2025-05-15,15,2,0
2025-05-15,16,2,0
2025-05-15,17,2,0
2025-05-15,18,2,0
2025-05-15,21,1,0
2025-05-15,22,4,1
2025-05-15,23,5,1
2025-05-16,2,2,0
2025-05-16,3,4,1
2025-05-16,4,2,0
2025-05-16,5,5,1
2025-05-16,7,2,0
2025-05-16,8,5,1
2025-05-16,9,3,0
2025-05-16,10,5,1
2025-05-16,11,5,1
2025-05-16,12,3,0
2025-05-16,13,4,1
2025-05-16,14,3,0
2025-05-16,15,4,1
2025-05-16,16,2,0
2025-05-16,17,2,0
2025-05-16,18,1,0
2025-05-16,20,1,0
2025-05-16,21,3,0
2025-05-16,22,1,0
2025-05-16,23,2,0
2025-05-17,3,7,1
2025-05-17,4,1,0
2025-05-17,6,3,0
2025-05-17,7,2,0
2025-05-17,8,2,0
2025-05-17,9,4,1
2025-05-17,11,2,0
2025-05-17,12,2,0
2025-05-17,13,3,0
2025-05-17,14,1,0
2025-05-17,16,1,0
2025-05-17,18,2,0
2025-05-17,21,1,0
2025-05-17,22,2,0
2025-05-17,23,1,0
2025-05-18,1,2,0
2025-05-18,2,1,0
2025-05-18,3,1,0
2025-05-18,5,1,0
2025-05-18,6,4,1
2025-05-18,7,1,0
2025-05-18,9,2,0
2025-05-18,10,2,0
2025-05-18,11,2,0
2025-05-18,12,2,0
2025-05-18,13,1,0
2025-05-18,14,3,0
2025-05-18,15,2,0
2025-05-18,16,1,0
2025-05-18,17,2,0
2025-05-18,20,2,0
2025-05-18,21,1,0
2025-05-18,22,2,0
2025-05-18,23,3,0
2025-05-19,0,3,0
2025-05-19,1,2,0
2025-05-19,2,2,0
2025-05-19,3,1,0
2025-05-19,5,2,0
2025-05-19,6,3,0
2025-05-19,7,4,1
2025-05-19,8,8,1
2025-05-19,9,4,1
2025-05-19,10,8,1
2025-05-19,11,8,1
2025-05-19,12,5,1
2025-05-19,13,5,1
2025-05-19,14,3,0
2025-05-19,15,4,1
2025-05-19,16,5,1
2025-05-19,17,2,0
2025-05-19,20,6,1
2025-05-19,21,1,0
2025-05-19,22,3,0
2025-05-19,23,3,0
2025-05-20,1,1,0
2025-05-20,2,1,0
2025-05-20,4,1,0
2025-05-20,6,3,0
2025-05-20,7,5,1
2025-05-20,8,2,0
2025-05-20,10,4,1
2025-05-20,11,4,1
2025-05-20,12,1,0
2025-05-20,13,5,1
2025-05-20,14,4,1
2025-05-20,15,5,1
2025-05-20,16,2,0
2025-05-20,17,1,0
2025-05-20,18,1,0
2025-05-20,19,1,0
2025-05-20,20,2,0
2025-05-20,21,2,0
2025-05-20,22,1,0
2025-05-20,23,1,0
2025-05-21,0,1,0
2025-05-21,1,3,0
2025-05-21,3,2,0
2025-05-21,5,2,0
2025-05-21,7,8,1
2025-05-21,8,9,1
2025-05-21,9,4,1
2025-05-21,10,4,1
2025-05-21,11,2,0
2025-05-21,14,6,1
2025-05-21,15,4,1
2025-05-21,16,4,1
2025-05-21,17,2,0
2025-05-21,18,1,0
2025-05-21,19,3,0
2025-05-21,20,2,0
2025-05-21,21,2,0
2025-05-21,22,3,0
2025-05-21,23,2,0
2025-05-22,0,2,0
2025-05-22,3,3,0
2025-05-22,5,1,0
2025-05-22,6,7,1
2025-05-22,7,1,0
2025-05-22,8,7,1
2025-05-22,9,7,1
2025-05-22,10,7,1
2025-05-22,11,3,0
2025-05-22,12,3,0
2025-05-22,13,3,0
2025-05-22,14,4,1
2025-05-22,16,4,1
2025-05-22,17,4,1
2025-05-22,18,4,1
2025-05-22,19,1,0
2025-05-22,20,2,0
2025-05-22,21,2,0
2025-05-22,22,2,0
2025-05-23,0,1,0
2025-05-23,2,5,1
2025-05-23,4,2,0
2025-05-23,5,1,0
2025-05-23,6,2,0
2025-05-23,7,6,1
2025-05-23,8,4,1
2025-05-23,9,4,1
2025-05-23,10,4,1
2025-05-23,11,4,1
2025-05-23,12,3,0
2025-05-23,13,6,1
2025-05-23,14,3,0
2025-05-23,15,1,0
2025-05-23,16,3,0
2025-05-23,17,3,0
2025-05-23,18,2,0
2025-05-23,20,3,0
2025-05-23,23,3,0
2025-05-24,0,2,0
2025-05-24,1,4,1
2025-05-24,2,1,0
2025-05-24,3,1,0
2025-05-24,4,1,0
2025-05-24,5,1,0
2025-05-24,6,2,0
2025-05-24,7,1,0
2025-05-24,8,3,0
2025-05-24,9,3,0
2025-05-24,10,3,0
2025-05-24,12,1,0
2025-05-24,14,2,0
2025-05-24,15,1,0
2025-05-24,17,2,0
2025-05-24,18,1,0
2025-05-24,19,1,0
2025-05-24,21,3,0
2025-05-24,22,3,0
2025-05-24,23,2,0
2025-05-25,0,2,0
2025-05-25,1,1,0
2025-05-25,3,1,0
2025-05-25,4,3,0
2025-05-25,5,1,0
2025-05-25,6,1,0
2025-05-25,7,1,0
2025-05-25,8,1,0
2025-05-25,9,5,1
2025-05-25,10,1,0
2025-05-25,11,2,0
2025-05-25,12,1,0
2025-05-25,13,4,1
2025-05-25,14,3,0
2025-05-25,15,3,0
2025-05-25,18,2,0
2025-05-25,19,3,0
2025-05-25,21,1,0
2025-05-25,22,2,0
2025-05-25,23,2,0
2025-05-26,1,3,0
2025-05-26,2,2,0
2025-05-26,3,3,0
2025-05-26,4,1,0
2025-05-26,6,3,0
2025-05-26,7,9,1
2025-05-26,8,6,1
2025-05-26,9,11,1
2025-05-26,10,10,1
2025-05-26,11,9,1
2025-05-26,12,5,1
2025-05-26,13,9,1
2025-05-26,14,6,1
2025-05-26,15,6,1
2025-05-26,16,4,1
2025-05-26,17,1,0
2025-05-26,18,3,0
2025-05-26,19,4,1
2025-05-26,20,3,0
2025-05-26,21,4,1
2025-05-26,22,1,0
2025-05-26,23,3,0
2025-05-27,0,1,0
2025-05-27,1,2,0
2025-05-27,5,2,0
2025-05-27,6,1,0
2025-05-27,7,1,0
2025-05-27,8,4,1
2025-05-27,9,3,0
2025-05-27,10,7,1
2025-05-27,11,5,1
2025-05-27,12,3,0
2025-05-27,13,5,1
2025-05-27,14,2,0
2025-05-27,15,2,0
2025-05-27,16,3,0
2025-05-27,17,2,0
2025-05-27,18,2,0
2025-05-27,19,2,0
2025-05-27,21,1,0
2025-05-27,22,1,0
2025-05-27,23,1,0
2025-05-28,0,2,0
2025-05-28,3,1,0
2025-05-28,5,3,0
2025-05-28,6,4,1
2025-05-28,7,1,0
2025-05-28,8,4,1
2025-05-28,9,3,0
2025-05-28,10,5,1
2025-05-28,11,4,1
2025-05-28,12,4,1
2025-05-28,13,4,1
2025-05-28,14,5,1
2025-05-28,15,2,0
2025-05-28,16,4,1
2025-05-28,17,6,1
2025-05-28,18,2,0
2025-05-28,19,3,0
2025-05-28,20,1,0
2025-05-28,22,1,0
2025-05-28,23,2,0
2025-05-29,0,2,0
2025-05-29,1,1,0
2025-05-29,2,1,0
2025-05-29,3,4,1
2025-05-29,4,2,0
2025-05-29,5,4,1
2025-05-29,6,1,0
2025-05-29,7,6,1
2025-05-29,8,2,0
2025-05-29,9,3,0
2025-05-29,10,2,0
2025-05-29,11,5,1
2025-05-29,12,4,1
2025-05-29,13,2,0
2025-05-29,14,3,0
2025-05-29,15,3,0
2025-05-29,16,2,0
2025-05-29,17,2,0
2025-05-29,18,3,0
2025-05-29,20,1,0
2025-05-29,21,4,1
2025-05-29,22,1,0
2025-05-29,23,1,0
2025-05-30,0,2,0
2025-05-30,2,3,0
2025-05-30,3,4,1
2025-05-30,4,2,0
2025-05-30,5,2,0
2025-05-30,6,4,1
2025-05-30,7,2,0
2025-05-30,8,3,0
2025-05-30,9,6,1
2025-05-30,10,7,1
2025-05-30,11,3,0
2025-05-30,12,6,1
2025-05-30,13,2,0
2025-05-30,14,7,1
2025-05-30,15,3,0
2025-05-30,16,3,0
2025-05-30,17,3,0
2025-05-30,18,2,0
2025-05-30,19,2,0
2025-05-30,20,3,0
2025-05-30,22,2,0
2025-05-30,23,1,0
2025-05-31,0,1,0
2025-05-31,2,1,0
2025-05-31,3,1,0
2025-05-31,4,4,1
2025-05-31,5,3,0
2025-05-31,7,1,0
2025-05-31,9,3,0
2025-05-31,10,1,0
2025-05-31,11,2,0
2025-05-31,12,2,0
2025-05-31,13,2,0
2025-05-31,14,1,0
2025-05-31,15,1,0
2025-05-31,16,1,0
2025-05-31,17,1,0
2025-06-01,1,1,0
2025-06-01,4,1,0
2025-06-01,5,1,0
2025-06-01,6,2,0
2025-06-01,8,2,0
2025-06-01,9,1,0
2025-06-01,10,1,0
2025-06-01,11,1,0
2025-06-01,12,2,0
2025-06-01,13,1,0
2025-06-01,14,2,0
2025-06-01,15,1,0
2025-06-01,16,3,0
2025-06-01,18,3,0
2025-06-01,19,2,0
2025-06-01,20,1,0
2025-06-01,21,2,0
2025-06-01,22,2,0
2025-06-02,0,1,0
2025-06-02,1,4,1
2025-06-02,2,3,0
2025-06-02,3,2,0
2025-06-02,5,2,0
2025-06-02,6,3,0
2025-06-02,7,5,1
2025-06-02,8,10,1
2025-06-02,9,1,0
2025-06-02,10,11,1
2025-06-02,11,5,1
2025-06-02,12,10,1
2025-06-02,13,9,1
2025-06-02,14,6,1
2025-06-02,15,5,1
2025-06-02,16,6,1
2025-06-02,17,1,0
2025-06-02,18,3,0
2025-06-02,19,1,0
2025-06-02,20,2,0
2025-06-02,21,2,0
2025-06-02,22,3,0
2025-06-03,0,2,0
2025-06-03,1,2,0
2025-06-03,2,3,0
2025-06-03,4,1,0
2025-06-03,5,1,0
2025-06-03,6,3,0
2025-06-03,7,4,1
2025-06-03,8,2,0
2025-06-03,9,6,1
2025-06-03,10,4,1
2025-06-03,11,2,0
2025-06-03,12,3,0
2025-06-03,13,2,0
2025-06-03,14,1,0
2025-06-03,15,2,0
2025-06-03,16,2,0
2025-06-03,17,2,0
2025-06-03,18,2,0
2025-06-03,19,1,0
2025-06-03,21,1,0
2025-06-03,22,3,0
2025-06-04,1,2,0
2025-06-04,2,2,0
2025-06-04,3,2,0
2025-06-04,4,1,0
2025-06-04,5,2,0
2025-06-04,6,3,0
2025-06-04,7,4,1
2025-06-04,8,1,0
2025-06-04,9,6,1
2025-06-04,10,3,0
2025-06-04,11,1,0
2025-06-04,12,2,0
2025-06-04,13,2,0
2025-06-04,14,3,0
2025-06-04,15,5,1
2025-06-04,16,2,0
2025-06-04,17,1,0
2025-06-04,18,2,0
2025-06-04,19,1,0
2025-06-04,20,2,0
2025-06-04,21,1,0
2025-06-04,22,2,0
2025-06-04,23,2,0
2025-06-05,0,3,0
2025-06-05,1,1,0
2025-06-05,2,2,0
2025-06-05,3,2,0
2025-06-05,5,3,0
2025-06-05,6,2,0
2025-06-05,7,2,0
2025-06-05,8,3,0
2025-06-05,10,1,0
2025-06-05,11,7,1
2025-06-05,12,2,0
2025-06-05,13,4,1
2025-06-05,14,3,0
2025-06-05,15,2,0
2025-06-05,16,4,1
2025-06-05,17,1,0
2025-06-05,18,1,0
2025-06-05,19,3,0
2025-06-05,21,1,0
2025-06-05,22,2,0
2025-06-05,23,2,0
2025-06-06,0,1,0
2025-06-06,1,2,0
2025-06-06,2,1,0
2025-06-06,3,2,0
2025-06-06,6,4,1
2025-06-06,7,5,1
2025-06-06,8,5,1
2025-06-06,9,2,0
2025-06-06,10,2,0
2025-06-06,11,7,1
2025-06-06,12,2,0
2025-06-06,13,5,1
2025-06-06,14,1,0
2025-06-06,15,3,0
2025-06-06,16,1,0
2025-06-06,17,1,0
2025-06-06,18,1,0
2025-06-06,19,2,0
2025-06-06,20,2,0
2025-06-06,21,2,0
2025-06-06,22,2,0
2025-06-06,23,2,0
2025-06-07,0,2,0
2025-06-07,2,2,0
2025-06-07,6,2,0
2025-06-07,7,1,0
2025-06-07,8,1,0
2025-06-07,9,1,0
2025-06-07,10,1,0
2025-06-07,12,2,0
2025-06-07,13,2,0
2025-06-07,15,2,0
2025-06-07,16,1,0
2025-06-07,17,2,0
2025-06-07,19,1,0
2025-06-07,21,2,0
2025-06-08,0,3,0
2025-06-08,2,1,0
2025-06-08,3,2,0
2025-06-08,4,1,0
2025-06-08,5,1,0
2025-06-08,6,3,0
2025-06-08,7,2,0
2025-06-08,8,1,0
2025-06-08,9,2,0
2025-06-08,10,3,0
2025-06-08,11,4,1
2025-06-08,12,3,0
2025-06-08,13,4,1
2025-06-08,15,2,0
2025-06-08,16,2,0
2025-06-08,18,1,0
2025-06-08,19,1,0
2025-06-08,20,1,0
2025-06-08,21,2,0
2025-06-09,1,1,0
2025-06-09,2,2,0
2025-06-09,3,1,0
2025-06-09,4,2,0
2025-06-09,6,6,1
2025-06-09,7,5,1
2025-06-09,8,6,1
2025-06-09,9,8,1
2025-06-09,10,5,1
2025-06-09,11,7,1
2025-06-09,12,5,1
2025-06-09,13,5,1
2025-06-09,14,8,1
2025-06-09,15,4,1
2025-06-09,16,4,1
2025-06-09,17,4,1
2025-06-09,19,1,0
2025-06-09,20,3,0
2025-06-09,21,2,0
2025-06-09,22,2,0
2025-06-09,23,3,0
2025-06-10,0,1,0
2025-06-10,1,2,0
2025-06-10,4,2,0
2025-06-10,5,2,0
2025-06-10,6,4,1
2025-06-10,7,2,0
2025-06-10,8,6,1
2025-06-10,9,2,0
2025-06-10,10,2,0
2025-06-10,11,3,0
2025-06-10,12,3,0
2025-06-10,13,4,1
2025-06-10,14,4,1
2025-06-10,15,1,0
2025-06-10,16,5,1
2025-06-10,17,1,0
2025-06-10,18,1,0
2025-06-10,19,1,0
2025-06-10,20,2,0
2025-06-10,21,2,0
2025-06-10,22,1,0
2025-06-10,23,1,0
2025-06-11,0,2,0
2025-06-11,4,1,0
2025-06-11,5,1,0
2025-06-11,6,1,0
2025-06-11,7,2,0
2025-06-11,8,9,1
2025-06-11,10,4,1
2025-06-11,11,5,1
2025-06-11,12,3,0
2025-06-11,13,4,1
2025-06-11,14,2,0
2025-06-11,15,2,0
2025-06-11,16,2,0
2025-06-11,17,2,0
2025-06-11,18,1,0
2025-06-11,19,2,0
2025-06-11,20,1,0
2025-06-11,22,2,0
2025-06-11,23,2,0
2025-06-12,0,4,1
2025-06-12,3,1,0
2025-06-12,4,1,0
2025-06-12,6,3,0
2025-06-12,7,2,0
2025-06-12,8,3,0
2025-06-12,9,6,1
2025-06-12,10,2,0
2025-06-12,11,5,1
2025-06-12,12,4,1
2025-06-12,13,5,1
2025-06-12,14,5,1
2025-06-12,15,2,0
2025-06-12,16,2,0
2025-06-12,17,1,0
2025-06-12,18,1,0
2025-06-12,19,2,0
2025-06-12,20,3,0
2025-06-12,21,1,0
2025-06-12,22,2,0
2025-06-12,23,2,0
2025-06-13,1,1,0
2025-06-13,2,3,0
2025-06-13,3,1,0
2025-06-13,4,1,0
2025-06-13,5,1,0
2025-06-13,7,6,1
2025-06-13,8,6,1
2025-06-13,9,5,1
2025-06-13,10,4,1
2025-06-13,11,4,1
2025-06-13,12,2,0
2025-06-13,13,3,0
2025-06-13,14,2,0
2025-06-13,16,2,0
2025-06-13,17,1,0
2025-06-13,19,3,0
2025-06-13,22,1,0
2025-06-14,0,1,0
2025-06-14,1,1,0
2025-06-14,2,1,0
2025-06-14,5,2,0
2025-06-14,6,1,0
2025-06-14,7,2,0
2025-06-14,8,2,0
2025-06-14,10,3,0
2025-06-14,11,2,0
2025-06-14,12,2,0
2025-06-14,13,2,0
2025-06-14,14,1,0
2025-06-14,15,3,0
2025-06-14,16,3,0
2025-06-14,17,2,0
2025-06-14,20,3,0
2025-06-14,21,2,0
2025-06-14,23,3,0
2025-06-15,0,1,0
2025-06-15,1,3,0
2025-06-15,2,1,0
2025-06-15,4,2,0
2025-06-15,5,1,0
2025-06-15,8,3,0
2025-06-15,9,2,0
2025-06-15,12,4,1
2025-06-15,13,3,0
2025-06-15,14,3,0
2025-06-15,15,2,0
2025-06-15,16,2,0
2025-06-15,17,3,0
2025-06-15,22,1,0
2025-06-15,23,1,0
2025-06-16,0,6,1
2025-06-16,1,1,0
2025-06-16,2,1,0
2025-06-16,3,1,0
2025-06-16,4,4,1
2025-06-16,6,4,1
2025-06-16,7,6,1
2025-06-16,8,10,1
2025-06-16,9,6,1
2025-06-16,10,5,1
2025-06-16,11,6,1
2025-06-16,12,4,1
2025-06-16,13,8,1
2025-06-16,14,7,1
2025-06-16,15,7,1
2025-06-16,16,5,1
2025-06-16,17,4,1
2025-06-16,18,1,0
2025-06-16,19,3,0
2025-06-16,20,2,0
2025-06-16,21,1,0
2025-06-16,22,3,0
2025-06-16,23,2,0
2025-06-17,0,3,0
2025-06-17,1,2,0
2025-06-17,2,1,0
2025-06-17,3,3,0
2025-06-17,4,3,0
2025-06-17,5,3,0
2025-06-17,6,1,0
2025-06-17,7,3,0
2025-06-17,8,5,1
2025-06-17,9,5,1
2025-06-17,10,4,1
2025-06-17,11,2,0
2025-06-17,12,4,1
2025-06-17,13,3,0
2025-06-17,14,2,0
2025-06-17,15,2,0
2025-06-17,16,4,1
2025-06-17,17,2,0
2025-06-17,18,1,0
2025-06-17,19,1,0
2025-06-17,20,1,0
2025-06-17,21,2,0
2025-06-18,0,1,0
2025-06-18,2,2,0
2025-06-18,4,2,0
2025-06-18,5,2,0
2025-06-18,6,4,1
2025-06-18,7,6,1
2025-06-18,8,2,0
2025-06-18,9,6,1
2025-06-18,10,2,0
2025-06-18,11,2,0
2025-06-18,12,4,1
2025-06-18,13,2,0
2025-06-18,14,7,1
2025-06-18,15,1,0
2025-06-18,16,2,0
2025-06-18,17,2,0
2025-06-18,18,2,0
2025-06-18,19,3,0
2025-06-18,20,2,0
2025-06-18,21,1,0
2025-06-18,22,3,0
2025-06-19,0,2,0
2025-06-19,1,2,0
2025-06-19,2,1,0
2025-06-19,3,2,0
2025-06-19,5,2,0
2025-06-19,6,5,1
2025-06-19,7,4,1
2025-06-19,8,2,0
2025-06-19,9,2,0
2025-06-19,10,7,1
2025-06-19,11,1,0
2025-06-19,12,3,0
2025-06-19,13,2,0
2025-06-19,14,5,1
2025-06-19,15,5,1
2025-06-19,16,4,1
2025-06-19,17,4,1
2025-06-19,19,2,0
2025-06-19,20,3,0
2025-06-19,21,1,0
2025-06-19,22,1,0
2025-06-19,23,2,0
2025-06-20,0,1,0
2025-06-20,2,1,0
2025-06-20,3,4,1
2025-06-20,4,3,0
2025-06-20,5,3,0
2025-06-20,6,3,0
2025-06-20,7,6,1
2025-06-20,8,3,0
2025-06-20,9,1,0
2025-06-20,10,4,1
2025-06-20,11,4,1
2025-06-20,12,1,0
2025-06-20,13,3,0
2025-06-20,14,5,1
2025-06-20,15,1,0
2025-06-20,16,3,0
2025-06-20,18,3,0
2025-06-20,20,2,0
2025-06-20,21,1,0
2025-06-20,22,2,0
2025-06-21,0,3,0
2025-06-21,1,5,1
2025-06-21,3,1,0
2025-06-21,5,1,0
2025-06-21,7,3,0
2025-06-21,8,3,0
2025-06-21,9,1,0
2025-06-21,11,3,0
2025-06-21,12,2,0
2025-06-21,13,2,0
2025-06-21,14,1,0
2025-06-21,15,2,0
2025-06-21,16,1,0
2025-06-21,17,1,0
2025-06-21,18,1,0
2025-06-21,19,1,0
2025-06-21,20,2,0
2025-06-21,21,1,0
2025-06-21,23,3,0
2025-06-22,0,2,0
2025-06-22,1,1,0
2025-06-22,2,1,0
2025-06-22,3,1,0
2025-06-22,4,4,1
2025-06-22,5,2,0
2025-06-22,7,1,0
2025-06-22,8,5,1
2025-06-22,9,1,0
2025-06-22,10,4,1
2025-06-22,11,2,0
2025-06-22,12,2,0
2025-06-22,13,1,0
2025-06-22,14,4,1
2025-06-22,15,1,0
2025-06-22,16,1,0
2025-06-22,17,1,0
2025-06-22,18,3,0
2025-06-22,20,3,0
2025-06-22,22,1,0
2025-06-22,23,2,0
2025-06-23,0,3,0
2025-06-23,1,1,0
2025-06-23,2,2,0
2025-06-23,7,2,0
2025-06-23,8,7,1
2025-06-23,9,13,1
2025-06-23,10,8,1
2025-06-23,11,3,0
2025-06-23,12,4,1
2025-06-23,13,7,1
2025-06-23,14,8,1
2025-06-23,15,5,1
2025-06-23,16,3,0
2025-06-23,17,1,0
2025-06-23,20,4,1
2025-06-23,21,2,0
2025-06-23,22,1,0
2025-06-23,23,2,0
2025-06-24,1,1,0
2025-06-24,3,1,0
2025-06-24,4,2,0
2025-06-24,5,2,0
2025-06-24,6,2,0
2025-06-24,7,2,0
2025-06-24,8,4,1
2025-06-24,9,3,0
2025-06-24,10,1,0
2025-06-24,11,1,0
2025-06-24,12,4,1
2025-06-24,13,4,1
2025-06-24,14,2,0
2025-06-24,15,5,1
2025-06-24,16,1,0
2025-06-24,19,1,0
2025-06-24,20,2,0
2025-06-24,21,2,0
2025-06-25,0,1,0
2025-06-25,1,1,0
2025-06-25,2,2,0
2025-06-25,3,2,0
2025-06-25,4,2,0
2025-06-25,5,1,0
2025-06-25,6,4,1
2025-06-25,7,8,1
2025-06-25,9,2,0
2025-06-25,10,5,1
2025-06-25,11,4,1
2025-06-25,12,3,0
2025-06-25,13,2,0
2025-06-25,14,3,0
2025-06-25,15,4,1
2025-06-25,16,3,0
2025-06-25,18,2,0
2025-06-25,19,1,0
2025-06-25,20,2,0
2025-06-25,21,1,0
2025-06-25,22,1,0
2025-06-25,23,2,0
2025-06-26,1,4,1
2025-06-26,2,4,1
2025-06-26,3,1,0
2025-06-26,4,3,0
2025-06-26,5,3,0
2025-06-26,6,1,0
2025-06-26,7,5,1
2025-06-26,8,5,1
2025-06-26,9,1,0
2025-06-26,10,2,0
2025-06-26,11,3,0
2025-06-26,12,2,0
2025-06-26,13,6,1
2025-06-26,14,3,0
2025-06-26,15,7,1
2025-06-26,17,2,0
2025-06-26,18,3,0
2025-06-26,19,1,0
2025-06-26,20,2,0
2025-06-26,21,1,0
2025-06-26,23,2,0
2025-06-27,0,2,0
2025-06-27,1,1,0
2025-06-27,2,2,0
2025-06-27,3,2,0
2025-06-27,4,1,0
2025-06-27,5,3,0
2025-06-27,6,2,0
2025-06-27,7,1,0
2025-06-27,8,6,1
2025-06-27,9,3,0
2025-06-27,10,6,1
2025-06-27,11,5,1
2025-06-27,12,3,0
2025-06-27,13,4,1
2025-06-27,14,3,0
2025-06-27,15,5,1
2025-06-27,16,4,1
2025-06-27,17,1,0
2025-06-27,18,1,0
2025-06-27,20,1,0
2025-06-27,21,2,0
2025-06-27,22,1,0
2025-06-27,23,1,0
2025-06-28,1,1,0
2025-06-28,3,2,0
2025-06-28,4,3,0
2025-06-28,5,2,0
2025-06-28,6,2,0
2025-06-28,7,2,0
2025-06-28,10,1,0
2025-06-28,11,1,0
2025-06-28,12,1,0
2025-06-28,14,1,0
2025-06-28,18,4,1
2025-06-28,19,1,0
2025-06-28,21,2,0
2025-06-28,22,2,0
2025-06-28,23,1,0
2025-06-29,0,1,0
2025-06-29,1,3,0
2025-06-29,2,2,0
2025-06-29,4,3,0
2025-06-29,5,1,0
2025-06-29,6,1,0
2025-06-29,7,1,0
2025-06-29,9,1,0
2025-06-29,10,2,0
2025-06-29,12,1,0
2025-06-29,13,1,0
2025-06-29,14,2,0
2025-06-29,15,1,0
2025-06-29,16,2,0
2025-06-29,19,1,0
2025-06-29,20,1,0
2025-06-29,21,1,0
2025-06-29,22,2,0
2025-06-29,23,1,0
2025-06-30,2,1,0
2025-06-30,3,1,0
2025-06-30,4,2,0
2025-06-30,6,2,0
2025-06-30,7,7,1
2025-06-30,8,3,0
2025-06-30,9,11,1
2025-06-30,10,4,1
2025-06-30,11,1,0
2025-06-30,12,1,0
2025-06-30,13,2,0
2025-06-30,14,3,0
2025-06-30,15,2,0
2025-06-30,16,5,1
2025-06-30,17,5,1
2025-06-30,19,2,0
2025-06-30,20,1,0
2025-06-30,22,4,1
2025-06-30,23,3,0
